start_station_id,end_station_id,start_time,end_time
363,363,2021-05-01T06:17:24,2021-05-01T06:48:07
363,47,2021-05-01T08:26:29,2021-05-01T08:29:24
911,47,2021-05-01T08:39:50,2021-05-01T08:48:29
47,363,2021-05-01T08:45:26,2021-05-01T08:50:08
47,47,2021-05-01T09:22:11,2021-05-01T09:22:47
47,47,2021-05-01T09:25:22,2021-05-01T09:26:12
379,359,2021-05-01T09:33:49,2021-05-01T09:38:20
363,359,2021-05-01T09:40:01,2021-05-01T09:49:06
533,532,2021-05-01T09:42:28,2021-05-01T10:23:56
363,363,2021-05-01T09:45:58,2021-05-01T09:47:38
47,379,2021-05-01T09:47:54,2021-05-01T09:50:36
378,911,2021-05-01T09:54:59,2021-05-01T09:59:44
47,379,2021-05-01T09:56:42,2021-05-01T09:59:52
363,47,2021-05-01T10:31:00,2021-05-01T10:32:15
363,359,2021-05-01T10:37:03,2021-05-01T10:41:09
363,363,2021-05-01T10:57:37,2021-05-01T10:58:55
47,47,2021-05-01T11:01:36,2021-05-01T11:03:14
363,363,2021-05-01T11:03:59,2021-05-01T11:12:26
911,466,2021-05-01T11:33:32,2021-05-01T11:38:50
462,462,2021-05-01T11:44:18,2021-05-01T11:44:28
363,359,2021-05-01T11:56:37,2021-05-01T12:03:21
533,533,2021-05-01T12:02:48,2021-05-01T12:30:10
359,532,2021-05-01T12:02:49,2021-05-01T12:06:57
359,911,2021-05-01T12:12:19,2021-05-01T12:16:49
363,363,2021-05-01T12:14:19,2021-05-01T12:14:35
363,47,2021-05-01T12:15:00,2021-05-01T12:17:18
462,533,2021-05-01T12:18:30,2021-05-01T12:21:14
359,363,2021-05-01T12:35:14,2021-05-01T12:44:16
47,359,2021-05-01T12:55:16,2021-05-01T13:03:39
47,359,2021-05-01T12:55:19,2021-05-01T13:03:51
359,359,2021-05-01T12:55:51,2021-05-01T13:19:09
47,359,2021-05-01T12:55:57,2021-05-01T13:03:41
47,359,2021-05-01T12:56:28,2021-05-01T13:03:29
359,533,2021-05-01T13:01:38,2021-05-01T13:08:40
359,533,2021-05-01T13:02:29,2021-05-01T13:08:46
359,533,2021-05-01T13:03:26,2021-05-01T13:09:08
359,533,2021-05-01T13:05:01,2021-05-01T13:14:29
462,532,2021-05-01T13:08:41,2021-05-01T13:11:12
47,532,2021-05-01T13:38:59,2021-05-01T13:57:36
47,532,2021-05-01T13:39:07,2021-05-01T13:57:21
462,466,2021-05-01T13:53:03,2021-05-01T13:54:21
363,532,2021-05-01T13:53:17,2021-05-01T14:03:08
47,532,2021-05-01T14:03:33,2021-05-01T14:24:14
47,532,2021-05-01T14:03:33,2021-05-01T14:24:17
359,532,2021-05-01T14:03:54,2021-05-01T14:10:37
359,462,2021-05-01T14:04:46,2021-05-01T14:12:06
359,462,2021-05-01T14:05:19,2021-05-01T14:12:07
911,532,2021-05-01T14:21:49,2021-05-01T15:12:09
532,359,2021-05-01T14:28:34,2021-05-01T14:39:29
533,532,2021-05-01T15:04:50,2021-05-01T15:46:12
359,47,2021-05-01T15:06:46,2021-05-01T15:11:31
533,532,2021-05-01T15:06:53,2021-05-01T15:46:20
47,47,2021-05-01T15:09:32,2021-05-01T15:09:41
378,378,2021-05-01T15:14:43,2021-05-01T15:44:04
47,359,2021-05-01T15:16:45,2021-05-01T15:23:23
532,47,2021-05-01T15:18:27,2021-05-01T15:28:36
359,533,2021-05-01T15:26:36,2021-05-01T15:32:22
359,533,2021-05-01T15:26:49,2021-05-01T15:32:36
359,359,2021-05-01T15:35:10,2021-05-01T15:35:46
359,533,2021-05-01T15:46:24,2021-05-01T15:52:49
359,533,2021-05-01T15:46:29,2021-05-01T15:52:48
533,533,2021-05-01T15:54:38,2021-05-01T15:54:42
462,532,2021-05-01T15:55:48,2021-05-01T15:58:58
47,47,2021-05-01T15:59:18,2021-05-01T16:02:15
378,532,2021-05-01T16:12:44,2021-05-01T16:21:47
379,47,2021-05-01T16:14:29,2021-05-01T16:19:09
533,533,2021-05-01T16:18:26,2021-05-01T16:18:48
47,466,2021-05-01T16:27:59,2021-05-01T16:35:41
47,47,2021-05-01T16:28:05,2021-05-01T16:55:16
47,379,2021-05-01T16:31:38,2021-05-01T16:41:24
47,47,2021-05-01T16:31:54,2021-05-01T16:54:33
359,359,2021-05-01T16:52:42,2021-05-01T16:56:06
359,359,2021-05-01T16:53:12,2021-05-01T16:55:52
359,359,2021-05-01T16:53:30,2021-05-01T16:55:46
533,462,2021-05-01T16:53:42,2021-05-01T17:08:32
532,359,2021-05-01T17:05:23,2021-05-01T17:15:14
47,47,2021-05-01T17:26:30,2021-05-01T17:27:55
360,363,2021-05-01T17:29:47,2021-05-01T17:50:36
360,360,2021-05-01T17:31:16,2021-05-01T17:32:22
379,533,2021-05-01T17:31:17,2021-05-01T17:42:46
462,532,2021-05-01T17:32:48,2021-05-01T17:35:16
360,363,2021-05-01T17:35:45,2021-05-01T17:44:18
532,532,2021-05-01T17:53:53,2021-05-01T18:14:19
359,533,2021-05-01T17:57:27,2021-05-01T18:27:39
47,47,2021-05-01T18:08:28,2021-05-01T18:09:21
363,359,2021-05-01T18:09:15,2021-05-01T18:14:26
533,462,2021-05-01T18:14:24,2021-05-01T18:24:06
47,47,2021-05-01T18:25:41,2021-05-01T18:25:55
47,533,2021-05-01T18:26:22,2021-05-01T18:41:20
911,911,2021-05-01T18:27:38,2021-05-01T18:29:09
379,47,2021-05-01T18:42:13,2021-05-01T19:22:34
378,359,2021-05-01T19:02:01,2021-05-01T19:04:35
364,364,2021-05-01T19:09:28,2021-05-01T19:35:26
911,911,2021-05-01T19:09:38,2021-05-01T19:30:38
532,379,2021-05-01T19:16:39,2021-05-01T19:31:52
466,533,2021-05-01T19:30:02,2021-05-01T19:36:39
359,363,2021-05-01T19:36:37,2021-05-01T19:41:07
359,911,2021-05-01T19:40:59,2021-05-01T19:59:15
359,47,2021-05-01T20:00:09,2021-05-01T20:05:14
378,363,2021-05-01T21:05:21,2021-05-01T21:19:37
363,363,2021-05-01T21:07:09,2021-05-01T21:17:35
359,359,2021-05-01T21:49:29,2021-05-01T22:03:03
47,47,2021-05-01T21:55:58,2021-05-01T22:27:45
359,359,2021-05-01T22:07:23,2021-05-01T22:19:38
363,47,2021-05-01T22:32:36,2021-05-01T22:34:00
379,359,2021-05-02T09:47:43,2021-05-02T09:50:45
378,363,2021-05-02T10:09:17,2021-05-02T10:10:22
359,359,2021-05-02T10:43:02,2021-05-02T11:56:35
359,359,2021-05-02T10:43:22,2021-05-02T11:56:21
379,359,2021-05-02T10:56:29,2021-05-02T11:01:37
359,533,2021-05-02T11:02:07,2021-05-02T11:08:11
359,533,2021-05-02T11:02:49,2021-05-02T11:09:51
379,379,2021-05-02T11:36:20,2021-05-02T11:39:36
359,379,2021-05-02T11:42:09,2021-05-02T11:46:59
532,533,2021-05-02T11:57:23,2021-05-02T12:04:39
359,363,2021-05-02T12:01:36,2021-05-02T12:03:35
378,378,2021-05-02T13:19:26,2021-05-02T13:49:27
359,911,2021-05-02T13:21:16,2021-05-02T13:26:25
359,533,2021-05-02T13:24:55,2021-05-02T13:37:08
532,532,2021-05-02T13:43:04,2021-05-02T14:46:33
359,911,2021-05-02T13:45:42,2021-05-02T13:54:03
378,378,2021-05-02T13:49:41,2021-05-02T14:11:57
359,532,2021-05-02T14:01:48,2021-05-02T14:13:01
532,533,2021-05-02T14:19:58,2021-05-02T14:50:52
532,532,2021-05-02T14:20:08,2021-05-02T14:49:15
532,532,2021-05-02T14:22:48,2021-05-02T14:49:52
359,47,2021-05-02T14:26:05,2021-05-02T14:40:41
47,47,2021-05-02T14:36:35,2021-05-02T14:37:19
379,462,2021-05-02T14:37:31,2021-05-02T14:46:02
47,462,2021-05-02T14:37:46,2021-05-02T14:58:28
532,363,2021-05-02T15:15:11,2021-05-02T15:25:56
359,466,2021-05-02T15:21:38,2021-05-02T15:25:46
359,359,2021-05-02T15:29:12,2021-05-02T15:31:26
379,379,2021-05-02T15:32:26,2021-05-02T15:33:39
379,379,2021-05-02T15:35:10,2021-05-02T15:35:43
359,47,2021-05-02T15:36:25,2021-05-02T15:41:13
364,47,2021-05-02T15:36:52,2021-05-02T15:47:18
47,47,2021-05-02T15:38:09,2021-05-02T15:39:24
378,462,2021-05-02T15:39:14,2021-05-02T16:00:38
360,379,2021-05-02T15:42:36,2021-05-02T15:45:11
378,47,2021-05-02T15:53:34,2021-05-02T15:55:52
462,359,2021-05-02T15:57:49,2021-05-02T16:04:44
47,466,2021-05-02T15:58:03,2021-05-02T16:05:55
47,359,2021-05-02T16:10:20,2021-05-02T16:15:47
47,364,2021-05-02T16:13:56,2021-05-02T16:26:07
360,462,2021-05-02T16:18:39,2021-05-02T16:29:26
462,462,2021-05-02T16:34:01,2021-05-02T16:34:18
532,532,2021-05-02T16:42:12,2021-05-02T16:42:20
360,360,2021-05-02T16:47:49,2021-05-02T16:48:22
359,532,2021-05-02T16:49:34,2021-05-02T16:59:15
359,532,2021-05-02T16:49:52,2021-05-02T16:59:28
532,532,2021-05-02T16:51:06,2021-05-02T17:25:21
532,532,2021-05-02T16:51:23,2021-05-02T17:25:22
532,359,2021-05-02T16:53:20,2021-05-02T17:00:09
466,47,2021-05-02T17:02:01,2021-05-02T17:12:20
466,47,2021-05-02T17:02:35,2021-05-02T17:12:32
359,379,2021-05-02T17:13:40,2021-05-02T17:17:40
466,911,2021-05-02T17:22:19,2021-05-02T17:31:16
911,911,2021-05-02T17:40:16,2021-05-02T17:42:04
532,532,2021-05-02T17:40:49,2021-05-02T17:40:52
532,532,2021-05-02T17:42:05,2021-05-02T17:42:08
911,911,2021-05-02T17:44:56,2021-05-02T19:46:36
911,911,2021-05-02T17:47:24,2021-05-02T19:46:37
532,532,2021-05-02T17:48:59,2021-05-02T18:03:02
379,379,2021-05-02T17:52:02,2021-05-02T17:52:38
462,360,2021-05-02T17:54:17,2021-05-02T18:35:56
532,532,2021-05-02T17:55:00,2021-05-02T18:00:09
47,360,2021-05-02T18:01:12,2021-05-02T18:08:06
47,363,2021-05-02T18:02:10,2021-05-02T18:07:56
364,364,2021-05-02T18:10:28,2021-05-02T18:10:42
378,359,2021-05-02T18:18:20,2021-05-02T18:24:12
466,462,2021-05-02T18:20:18,2021-05-02T18:23:05
462,911,2021-05-02T18:24:40,2021-05-02T18:35:32
533,911,2021-05-02T18:27:29,2021-05-02T18:31:33
359,47,2021-05-02T18:48:49,2021-05-02T19:14:42
359,47,2021-05-02T18:49:36,2021-05-02T19:14:29
532,360,2021-05-02T18:55:44,2021-05-02T19:03:31
379,379,2021-05-02T18:59:41,2021-05-02T19:00:26
359,379,2021-05-02T19:03:21,2021-05-02T19:08:17
532,532,2021-05-02T19:08:43,2021-05-02T19:17:16
532,532,2021-05-02T19:09:11,2021-05-02T19:17:13
378,378,2021-05-02T19:09:19,2021-05-02T20:13:44
378,378,2021-05-02T19:10:07,2021-05-02T20:13:43
379,379,2021-05-02T19:44:35,2021-05-02T19:45:24
363,47,2021-05-02T19:45:51,2021-05-02T19:47:36
47,359,2021-05-02T19:50:06,2021-05-02T19:57:47
911,359,2021-05-02T19:53:58,2021-05-02T20:01:46
532,462,2021-05-02T20:04:18,2021-05-02T20:07:27
466,911,2021-05-02T20:30:05,2021-05-02T20:39:01
359,466,2021-05-02T20:30:44,2021-05-02T20:58:40
363,363,2021-05-02T21:15:51,2021-05-02T21:30:10
359,363,2021-05-02T21:19:17,2021-05-02T21:23:02
359,363,2021-05-02T21:34:24,2021-05-02T21:38:03
359,359,2021-05-02T22:08:38,2021-05-02T22:16:00
359,359,2021-05-02T23:35:30,2021-05-02T23:39:18
379,379,2021-05-03T09:58:10,2021-05-03T09:58:28
379,462,2021-05-03T10:45:35,2021-05-03T10:54:54
532,532,2021-05-03T11:04:04,2021-05-03T12:14:21
359,533,2021-05-03T11:23:50,2021-05-03T11:30:34
378,363,2021-05-03T11:55:06,2021-05-03T11:56:34
363,47,2021-05-03T12:07:30,2021-05-03T12:10:05
466,466,2021-05-03T12:49:32,2021-05-03T13:03:14
364,363,2021-05-03T12:56:55,2021-05-03T12:59:19
47,363,2021-05-03T13:06:19,2021-05-03T13:18:06
379,378,2021-05-03T13:34:01,2021-05-03T13:44:36
47,379,2021-05-03T14:00:09,2021-05-03T14:16:50
911,378,2021-05-03T14:10:56,2021-05-03T14:21:54
359,359,2021-05-03T14:25:20,2021-05-03T14:28:22
359,533,2021-05-03T14:56:00,2021-05-03T15:07:49
359,47,2021-05-03T15:08:43,2021-05-03T15:12:46
359,378,2021-05-03T15:31:23,2021-05-03T15:33:33
378,47,2021-05-03T15:58:35,2021-05-03T16:00:44
462,911,2021-05-03T16:35:27,2021-05-03T16:38:40
363,363,2021-05-03T16:43:04,2021-05-03T17:09:28
364,47,2021-05-03T16:44:06,2021-05-03T16:49:19
379,911,2021-05-03T16:50:03,2021-05-03T17:05:02
462,462,2021-05-03T16:52:28,2021-05-03T17:08:22
911,462,2021-05-03T17:12:38,2021-05-03T17:14:43
47,359,2021-05-03T17:22:00,2021-05-03T17:30:11
359,533,2021-05-03T17:37:45,2021-05-03T17:42:03
363,533,2021-05-03T17:38:12,2021-05-03T18:22:24
360,462,2021-05-03T17:41:20,2021-05-03T17:46:47
363,363,2021-05-03T18:10:33,2021-05-03T18:27:14
47,47,2021-05-03T18:13:39,2021-05-03T18:36:31
364,359,2021-05-03T18:46:36,2021-05-03T19:14:12
47,462,2021-05-03T18:46:37,2021-05-03T19:08:07
363,378,2021-05-03T18:47:25,2021-05-03T19:00:02
911,532,2021-05-03T18:51:23,2021-05-03T19:00:45
47,47,2021-05-03T19:05:48,2021-05-03T19:32:33
533,359,2021-05-03T19:06:01,2021-05-03T19:11:14
47,47,2021-05-03T19:23:39,2021-05-03T19:30:57
359,359,2021-05-03T19:28:45,2021-05-03T19:40:20
359,363,2021-05-03T19:50:17,2021-05-03T19:52:37
47,363,2021-05-03T20:07:06,2021-05-03T20:25:24
47,47,2021-05-03T20:13:13,2021-05-03T20:57:49
378,359,2021-05-03T20:32:45,2021-05-03T20:35:14
47,47,2021-05-03T20:59:17,2021-05-03T21:55:40
359,363,2021-05-03T21:13:38,2021-05-03T21:17:07
47,378,2021-05-03T21:19:46,2021-05-03T21:24:46
363,47,2021-05-03T21:26:06,2021-05-03T21:27:32
47,363,2021-05-03T21:38:31,2021-05-03T21:40:51
359,359,2021-05-03T22:22:06,2021-05-03T22:23:24
47,363,2021-05-03T23:47:46,2021-05-04T00:32:58
359,378,2021-05-04T00:27:19,2021-05-04T00:30:03
47,378,2021-05-04T01:51:58,2021-05-04T02:46:11
359,47,2021-05-04T02:07:45,2021-05-04T02:49:09
359,360,2021-05-04T07:48:10,2021-05-04T07:49:42
911,360,2021-05-04T10:31:25,2021-05-04T10:39:03
359,364,2021-05-04T11:24:59,2021-05-04T11:37:14
466,462,2021-05-04T11:51:00,2021-05-04T11:53:35
378,47,2021-05-04T12:26:07,2021-05-04T12:31:32
360,911,2021-05-04T12:30:27,2021-05-04T12:34:06
378,466,2021-05-04T12:59:56,2021-05-04T13:03:41
359,462,2021-05-04T13:27:48,2021-05-04T13:37:27
359,462,2021-05-04T13:28:32,2021-05-04T13:36:30
359,911,2021-05-04T13:28:39,2021-05-04T13:42:06
359,911,2021-05-04T13:29:12,2021-05-04T13:42:08
359,462,2021-05-04T13:29:17,2021-05-04T13:36:25
462,466,2021-05-04T14:07:10,2021-05-04T14:17:12
47,47,2021-05-04T14:28:51,2021-05-04T15:08:20
378,47,2021-05-04T14:44:13,2021-05-04T14:47:10
378,359,2021-05-04T15:22:51,2021-05-04T15:24:33
359,364,2021-05-04T15:27:17,2021-05-04T15:29:48
363,359,2021-05-04T15:30:40,2021-05-04T15:33:06
364,379,2021-05-04T15:32:34,2021-05-04T15:34:17
462,532,2021-05-04T15:48:44,2021-05-04T15:52:04
911,363,2021-05-04T15:55:28,2021-05-04T16:04:20
359,532,2021-05-04T16:19:14,2021-05-04T16:24:47
359,363,2021-05-04T16:37:16,2021-05-04T16:39:37
378,462,2021-05-04T17:11:35,2021-05-04T17:16:49
47,359,2021-05-04T17:25:57,2021-05-04T17:37:04
359,359,2021-05-04T17:28:43,2021-05-04T17:48:19
364,379,2021-05-04T17:31:41,2021-05-04T17:34:22
363,363,2021-05-04T17:36:12,2021-05-04T17:36:23
363,363,2021-05-04T17:38:28,2021-05-04T17:38:38
359,533,2021-05-04T17:41:13,2021-05-04T17:48:38
359,533,2021-05-04T17:41:18,2021-05-04T17:48:28
359,533,2021-05-04T17:41:30,2021-05-04T17:48:23
359,363,2021-05-04T17:48:39,2021-05-04T17:52:27
364,379,2021-05-04T17:48:46,2021-05-04T17:51:11
359,363,2021-05-04T18:03:21,2021-05-04T18:11:01
532,532,2021-05-04T18:19:21,2021-05-04T18:59:17
359,363,2021-05-04T18:31:50,2021-05-04T18:37:53
364,364,2021-05-04T18:38:57,2021-05-04T18:39:46
364,364,2021-05-04T18:39:02,2021-05-04T18:39:36
359,462,2021-05-04T18:39:33,2021-05-04T19:22:13
364,363,2021-05-04T18:40:24,2021-05-04T19:41:44
364,363,2021-05-04T18:40:36,2021-05-04T19:41:48
363,363,2021-05-04T18:46:09,2021-05-04T18:46:24
359,359,2021-05-04T18:57:27,2021-05-04T19:25:06
359,359,2021-05-04T19:28:01,2021-05-04T19:33:28
360,364,2021-05-04T19:54:48,2021-05-04T20:29:17
466,466,2021-05-04T20:08:08,2021-05-04T20:43:32
379,379,2021-05-04T20:13:49,2021-05-04T20:39:57
47,47,2021-05-04T20:53:46,2021-05-04T21:21:23
359,378,2021-05-05T00:27:39,2021-05-05T00:29:59
533,47,2021-05-05T06:49:55,2021-05-05T06:57:46
360,462,2021-05-05T10:46:54,2021-05-05T10:50:31
378,363,2021-05-05T11:47:12,2021-05-05T11:49:10
379,379,2021-05-05T12:33:07,2021-05-05T12:33:40
379,379,2021-05-05T12:34:16,2021-05-05T12:56:09
379,379,2021-05-05T12:34:26,2021-05-05T12:56:08
364,379,2021-05-05T12:36:55,2021-05-05T12:39:58
466,360,2021-05-05T12:52:00,2021-05-05T12:58:47
379,47,2021-05-05T13:27:12,2021-05-05T13:38:39
532,532,2021-05-05T13:32:50,2021-05-05T14:14:02
47,47,2021-05-05T13:46:17,2021-05-05T13:47:02
47,379,2021-05-05T13:47:42,2021-05-05T13:53:13
462,532,2021-05-05T14:41:32,2021-05-05T14:44:51
47,359,2021-05-05T15:07:16,2021-05-05T15:10:44
532,359,2021-05-05T15:31:08,2021-05-05T15:49:25
359,359,2021-05-05T15:31:31,2021-05-05T15:53:31
378,47,2021-05-05T15:44:09,2021-05-05T15:47:16
359,359,2021-05-05T15:56:01,2021-05-05T15:57:13
363,359,2021-05-05T16:24:25,2021-05-05T16:28:15
378,47,2021-05-05T16:32:22,2021-05-05T16:35:30
359,359,2021-05-05T16:36:52,2021-05-05T16:54:54
360,462,2021-05-05T16:48:44,2021-05-05T16:53:17
47,364,2021-05-05T16:57:50,2021-05-05T17:04:26
47,364,2021-05-05T16:57:53,2021-05-05T17:04:05
47,47,2021-05-05T17:29:44,2021-05-05T17:30:36
47,47,2021-05-05T17:29:54,2021-05-05T17:30:55
911,911,2021-05-05T17:47:04,2021-05-05T17:54:08
379,359,2021-05-05T17:52:14,2021-05-05T17:59:47
363,359,2021-05-05T18:31:33,2021-05-05T18:36:25
360,360,2021-05-05T18:35:55,2021-05-05T19:16:04
360,360,2021-05-05T18:36:05,2021-05-05T19:16:07
359,378,2021-05-05T18:36:37,2021-05-05T18:39:08
47,47,2021-05-05T18:47:00,2021-05-05T18:48:14
363,47,2021-05-05T18:57:54,2021-05-05T18:59:26
359,532,2021-05-05T19:01:55,2021-05-05T19:07:17
462,533,2021-05-05T19:05:50,2021-05-05T19:08:15
462,359,2021-05-05T19:22:19,2021-05-05T19:31:19
378,363,2021-05-05T19:32:31,2021-05-05T19:34:39
47,378,2021-05-05T19:42:01,2021-05-05T19:44:15
47,47,2021-05-05T19:44:16,2021-05-05T19:47:36
360,359,2021-05-05T20:15:50,2021-05-05T20:16:53
47,363,2021-05-05T20:18:00,2021-05-05T21:00:23
532,462,2021-05-05T20:36:56,2021-05-05T20:39:03
466,911,2021-05-05T20:51:14,2021-05-05T20:55:52
363,359,2021-05-05T21:00:41,2021-05-05T21:04:54
47,363,2021-05-05T21:29:41,2021-05-05T21:52:35
47,47,2021-05-05T22:39:18,2021-05-05T23:34:28
360,911,2021-05-05T22:50:50,2021-05-05T23:22:08
911,359,2021-05-05T23:04:30,2021-05-05T23:17:19
47,364,2021-05-05T23:10:18,2021-05-05T23:35:07
911,359,2021-05-05T23:23:45,2021-05-05T23:50:18
360,911,2021-05-06T07:44:27,2021-05-06T07:51:31
466,363,2021-05-06T07:54:49,2021-05-06T07:59:29
364,379,2021-05-06T08:18:49,2021-05-06T08:21:03
466,466,2021-05-06T08:48:32,2021-05-06T09:32:48
466,462,2021-05-06T10:43:26,2021-05-06T10:45:17
462,360,2021-05-06T10:52:07,2021-05-06T11:08:52
47,47,2021-05-06T11:07:45,2021-05-06T16:08:05
47,47,2021-05-06T11:07:52,2021-05-06T16:09:14
379,378,2021-05-06T11:22:47,2021-05-06T11:28:33
47,47,2021-05-06T11:30:19,2021-05-06T11:51:10
363,379,2021-05-06T12:38:15,2021-05-06T12:41:05
359,360,2021-05-06T12:38:30,2021-05-06T13:10:31
379,360,2021-05-06T13:02:40,2021-05-06T13:08:26
47,359,2021-05-06T13:04:08,2021-05-06T13:09:05
364,47,2021-05-06T13:13:39,2021-05-06T13:17:31
359,379,2021-05-06T13:24:00,2021-05-06T13:29:10
359,533,2021-05-06T13:37:53,2021-05-06T13:44:28
532,466,2021-05-06T13:41:04,2021-05-06T13:47:29
359,532,2021-05-06T13:56:18,2021-05-06T14:40:50
378,359,2021-05-06T14:01:12,2021-05-06T14:04:44
378,462,2021-05-06T14:02:05,2021-05-06T14:16:00
47,532,2021-05-06T14:03:48,2021-05-06T14:22:32
47,466,2021-05-06T14:25:42,2021-05-06T14:32:22
359,462,2021-05-06T14:33:17,2021-05-06T14:38:25
532,47,2021-05-06T14:58:47,2021-05-06T15:33:53
466,533,2021-05-06T15:35:45,2021-05-06T15:39:57
359,533,2021-05-06T15:38:51,2021-05-06T15:48:09
363,359,2021-05-06T16:02:46,2021-05-06T16:13:13
363,359,2021-05-06T16:05:39,2021-05-06T16:13:16
532,359,2021-05-06T16:14:30,2021-05-06T16:21:31
364,532,2021-05-06T16:34:12,2021-05-06T16:39:28
360,911,2021-05-06T16:41:44,2021-05-06T16:47:54
360,462,2021-05-06T16:56:32,2021-05-06T17:32:09
360,462,2021-05-06T16:56:37,2021-05-06T17:32:06
532,532,2021-05-06T17:34:50,2021-05-06T18:13:33
359,462,2021-05-06T17:42:46,2021-05-06T17:48:56
532,532,2021-05-06T17:52:51,2021-05-06T19:17:31
532,532,2021-05-06T17:53:00,2021-05-06T19:17:16
378,378,2021-05-06T17:54:34,2021-05-06T17:56:28
359,379,2021-05-06T18:09:58,2021-05-06T18:19:50
379,462,2021-05-06T18:15:04,2021-05-06T18:20:01
363,359,2021-05-06T18:17:59,2021-05-06T18:21:38
359,47,2021-05-06T18:31:12,2021-05-06T18:38:00
364,47,2021-05-06T18:32:12,2021-05-06T18:39:55
47,359,2021-05-06T18:40:14,2021-05-06T18:46:52
359,364,2021-05-06T18:41:46,2021-05-06T19:16:13
359,363,2021-05-06T18:47:04,2021-05-06T18:53:01
47,363,2021-05-06T18:47:47,2021-05-06T18:50:42
47,532,2021-05-06T18:48:17,2021-05-06T19:41:16
532,360,2021-05-06T19:00:23,2021-05-06T19:07:44
359,363,2021-05-06T19:06:31,2021-05-06T19:09:52
359,47,2021-05-06T19:08:36,2021-05-06T19:18:59
359,47,2021-05-06T19:08:47,2021-05-06T19:19:22
359,533,2021-05-06T19:10:33,2021-05-06T19:15:52
364,364,2021-05-06T19:19:40,2021-05-06T20:19:04
363,379,2021-05-06T19:26:41,2021-05-06T19:31:23
359,379,2021-05-06T19:38:37,2021-05-06T19:48:21
359,379,2021-05-06T19:40:50,2021-05-06T19:48:32
379,363,2021-05-06T19:43:48,2021-05-06T19:49:21
532,532,2021-05-06T19:45:49,2021-05-06T19:49:05
379,379,2021-05-06T19:50:50,2021-05-06T20:11:37
47,364,2021-05-06T20:10:20,2021-05-06T20:25:48
364,364,2021-05-06T20:16:47,2021-05-06T20:41:21
364,364,2021-05-06T20:16:51,2021-05-06T20:42:03
364,364,2021-05-06T20:24:08,2021-05-06T21:01:38
359,462,2021-05-06T20:43:10,2021-05-06T21:14:20
466,911,2021-05-06T20:46:11,2021-05-06T20:50:42
364,47,2021-05-06T20:49:59,2021-05-06T20:55:09
911,532,2021-05-06T20:52:42,2021-05-06T21:17:32
466,911,2021-05-06T20:53:46,2021-05-06T20:57:46
532,462,2021-05-06T20:57:36,2021-05-06T21:00:01
911,466,2021-05-06T21:04:41,2021-05-06T21:20:19
911,359,2021-05-06T21:08:01,2021-05-06T21:16:36
462,359,2021-05-06T21:08:16,2021-05-06T21:12:59
462,462,2021-05-06T21:08:52,2021-05-06T21:09:25
911,466,2021-05-06T21:16:43,2021-05-06T21:20:16
359,379,2021-05-06T21:18:02,2021-05-06T21:21:12
379,379,2021-05-06T21:19:06,2021-05-06T21:38:41
533,466,2021-05-06T21:26:15,2021-05-06T21:28:56
47,47,2021-05-06T21:28:18,2021-05-06T21:33:52
379,363,2021-05-06T21:31:17,2021-05-06T22:12:13
364,364,2021-05-06T21:34:25,2021-05-06T21:35:23
364,379,2021-05-06T21:35:50,2021-05-06T21:38:12
379,359,2021-05-06T21:37:51,2021-05-06T21:40:47
462,462,2021-05-06T21:38:05,2021-05-06T21:40:16
379,379,2021-05-06T22:02:05,2021-05-06T22:25:02
378,359,2021-05-06T22:27:45,2021-05-06T22:30:48
359,378,2021-05-07T00:35:01,2021-05-07T00:37:44
363,47,2021-05-07T00:49:41,2021-05-07T01:00:38
462,47,2021-05-07T06:24:35,2021-05-07T06:29:57
466,466,2021-05-07T06:42:02,2021-05-07T06:42:54
379,532,2021-05-07T07:15:25,2021-05-07T07:35:25
379,359,2021-05-07T07:41:13,2021-05-07T07:45:17
532,462,2021-05-07T09:02:22,2021-05-07T09:05:49
533,533,2021-05-07T09:48:30,2021-05-07T09:51:12
359,47,2021-05-07T09:59:30,2021-05-07T10:06:29
359,532,2021-05-07T10:18:52,2021-05-07T10:23:59
359,379,2021-05-07T10:25:42,2021-05-07T10:29:40
533,533,2021-05-07T10:37:39,2021-05-07T11:35:17
533,533,2021-05-07T10:37:49,2021-05-07T11:35:05
462,462,2021-05-07T11:01:24,2021-05-07T11:02:04
462,359,2021-05-07T11:02:49,2021-05-07T11:08:24
911,360,2021-05-07T11:10:54,2021-05-07T11:18:37
363,47,2021-05-07T11:51:49,2021-05-07T11:53:10
47,379,2021-05-07T12:04:37,2021-05-07T12:07:41
359,47,2021-05-07T12:22:17,2021-05-07T12:26:17
466,911,2021-05-07T12:28:32,2021-05-07T12:34:30
379,359,2021-05-07T13:06:15,2021-05-07T13:10:04
47,533,2021-05-07T13:19:22,2021-05-07T13:29:09
359,363,2021-05-07T13:39:45,2021-05-07T13:42:07
363,359,2021-05-07T13:57:21,2021-05-07T13:59:56
911,533,2021-05-07T13:58:44,2021-05-07T14:00:48
379,378,2021-05-07T14:14:29,2021-05-07T14:20:40
359,462,2021-05-07T14:24:58,2021-05-07T14:32:19
47,47,2021-05-07T14:25:31,2021-05-07T15:09:31
359,533,2021-05-07T14:31:19,2021-05-07T14:40:48
47,378,2021-05-07T14:47:57,2021-05-07T15:04:31
532,532,2021-05-07T14:57:09,2021-05-07T15:41:59
47,532,2021-05-07T14:59:27,2021-05-07T15:11:30
47,359,2021-05-07T15:13:40,2021-05-07T15:18:08
462,359,2021-05-07T15:32:46,2021-05-07T15:40:39
532,379,2021-05-07T15:32:51,2021-05-07T15:49:53
911,911,2021-05-07T15:45:16,2021-05-07T15:49:55
533,911,2021-05-07T16:03:41,2021-05-07T16:13:34
47,364,2021-05-07T16:16:49,2021-05-07T16:20:12
364,363,2021-05-07T16:21:38,2021-05-07T16:24:19
364,364,2021-05-07T16:26:57,2021-05-07T16:28:35
462,462,2021-05-07T16:32:21,2021-05-07T16:32:35
359,911,2021-05-07T16:34:34,2021-05-07T16:41:40
359,379,2021-05-07T16:37:05,2021-05-07T16:42:50
359,532,2021-05-07T16:47:48,2021-05-07T17:02:47
378,363,2021-05-07T16:50:36,2021-05-07T16:56:12
379,379,2021-05-07T16:53:26,2021-05-07T16:59:36
379,379,2021-05-07T16:55:23,2021-05-07T17:06:18
363,363,2021-05-07T16:56:09,2021-05-07T17:11:55
364,360,2021-05-07T17:25:56,2021-05-07T17:31:06
462,533,2021-05-07T17:39:35,2021-05-07T17:42:34
364,364,2021-05-07T17:39:55,2021-05-07T17:41:34
360,360,2021-05-07T17:53:01,2021-05-07T17:53:04
378,47,2021-05-07T17:58:13,2021-05-07T18:01:43
462,911,2021-05-07T18:05:33,2021-05-07T18:08:23
911,462,2021-05-07T18:12:07,2021-05-07T18:13:57
532,47,2021-05-07T18:12:17,2021-05-07T18:28:09
363,363,2021-05-07T18:22:22,2021-05-07T18:22:25
466,532,2021-05-07T18:23:37,2021-05-07T18:29:49
363,363,2021-05-07T18:30:35,2021-05-07T18:43:08
47,364,2021-05-07T18:31:54,2021-05-07T18:41:37
533,462,2021-05-07T18:40:25,2021-05-07T18:42:36
363,363,2021-05-07T18:43:44,2021-05-07T18:58:00
47,47,2021-05-07T18:44:56,2021-05-07T20:17:31
360,364,2021-05-07T18:47:26,2021-05-07T18:49:11
364,533,2021-05-07T18:49:21,2021-05-07T18:56:25
363,363,2021-05-07T19:06:39,2021-05-07T19:15:04
364,364,2021-05-07T19:17:42,2021-05-07T19:19:03
47,47,2021-05-07T19:50:31,2021-05-07T20:30:58
47,47,2021-05-07T20:00:36,2021-05-07T20:00:58
532,532,2021-05-07T20:01:08,2021-05-07T20:06:11
363,363,2021-05-07T20:03:06,2021-05-07T20:03:06
532,532,2021-05-07T20:35:05,2021-05-07T20:48:16
359,359,2021-05-07T20:58:15,2021-05-07T21:43:53
47,47,2021-05-07T20:59:29,2021-05-07T21:15:09
359,359,2021-05-07T21:06:52,2021-05-07T21:38:52
359,359,2021-05-07T21:14:24,2021-05-07T21:26:05
363,47,2021-05-07T21:39:07,2021-05-07T21:41:03
363,363,2021-05-07T21:39:15,2021-05-07T21:39:31
359,359,2021-05-07T21:47:38,2021-05-07T21:49:30
359,363,2021-05-07T23:02:56,2021-05-07T23:05:39
47,47,2021-05-07T23:21:20,2021-05-07T23:38:06
359,378,2021-05-08T02:22:36,2021-05-08T02:47:51
363,363,2021-05-08T07:15:04,2021-05-08T07:45:16
532,532,2021-05-08T10:15:52,2021-05-08T10:19:04
47,363,2021-05-08T10:24:45,2021-05-08T10:26:55
363,363,2021-05-08T10:31:57,2021-05-08T10:42:12
532,532,2021-05-08T10:42:26,2021-05-08T10:42:29
47,533,2021-05-08T10:45:11,2021-05-08T10:56:55
47,533,2021-05-08T10:45:12,2021-05-08T10:56:52
379,533,2021-05-08T11:20:20,2021-05-08T11:30:31
379,533,2021-05-08T11:20:25,2021-05-08T11:30:33
47,462,2021-05-08T11:22:15,2021-05-08T11:29:55
47,462,2021-05-08T11:22:24,2021-05-08T11:29:55
359,533,2021-05-08T11:30:09,2021-05-08T11:35:32
532,532,2021-05-08T11:36:18,2021-05-08T11:59:41
532,532,2021-05-08T11:38:31,2021-05-08T11:59:08
532,532,2021-05-08T11:38:31,2021-05-08T11:59:04
532,532,2021-05-08T12:01:18,2021-05-08T15:00:14
532,532,2021-05-08T12:01:27,2021-05-08T15:00:32
532,532,2021-05-08T12:02:00,2021-05-08T15:00:01
359,462,2021-05-08T12:24:22,2021-05-08T12:35:08
378,378,2021-05-08T12:50:30,2021-05-08T12:51:21
47,533,2021-05-08T13:00:09,2021-05-08T13:07:52
363,378,2021-05-08T13:04:54,2021-05-08T13:19:03
462,47,2021-05-08T13:17:44,2021-05-08T13:27:26
359,359,2021-05-08T13:33:26,2021-05-08T13:45:35
363,378,2021-05-08T13:45:16,2021-05-08T14:03:33
533,378,2021-05-08T13:50:08,2021-05-08T14:11:11
364,462,2021-05-08T14:02:02,2021-05-08T14:07:14
47,47,2021-05-08T14:12:03,2021-05-08T14:24:37
359,533,2021-05-08T14:12:30,2021-05-08T14:21:35
359,533,2021-05-08T14:13:06,2021-05-08T14:21:12
462,359,2021-05-08T14:26:29,2021-05-08T14:32:53
363,533,2021-05-08T14:26:29,2021-05-08T14:42:46
911,911,2021-05-08T14:27:17,2021-05-08T14:55:46
363,533,2021-05-08T14:27:30,2021-05-08T14:43:13
911,911,2021-05-08T14:28:03,2021-05-08T14:55:45
364,47,2021-05-08T14:31:57,2021-05-08T14:36:49
533,462,2021-05-08T14:49:47,2021-05-08T15:03:29
364,359,2021-05-08T15:03:53,2021-05-08T15:06:52
359,532,2021-05-08T15:08:06,2021-05-08T15:14:42
359,378,2021-05-08T15:08:09,2021-05-08T15:10:12
378,378,2021-05-08T15:10:19,2021-05-08T15:46:35
359,379,2021-05-08T15:17:53,2021-05-08T15:24:51
359,379,2021-05-08T15:18:11,2021-05-08T15:24:52
359,532,2021-05-08T15:20:01,2021-05-08T15:27:25
47,378,2021-05-08T15:32:38,2021-05-08T15:36:51
364,364,2021-05-08T15:39:10,2021-05-08T15:40:43
466,911,2021-05-08T16:03:11,2021-05-08T16:06:30
532,532,2021-05-08T16:05:18,2021-05-08T16:05:33
359,533,2021-05-08T16:07:36,2021-05-08T16:20:28
359,532,2021-05-08T16:08:20,2021-05-08T16:22:38
359,47,2021-05-08T16:10:37,2021-05-08T16:15:43
532,532,2021-05-08T16:13:17,2021-05-08T16:13:32
363,359,2021-05-08T16:16:33,2021-05-08T16:21:28
359,533,2021-05-08T16:17:01,2021-05-08T16:23:48
378,359,2021-05-08T16:29:23,2021-05-08T17:09:49
359,363,2021-05-08T16:32:44,2021-05-08T16:37:21
378,466,2021-05-08T16:33:07,2021-05-08T16:41:09
532,379,2021-05-08T16:39:42,2021-05-08T16:55:29
532,379,2021-05-08T16:40:40,2021-05-08T16:55:30
466,911,2021-05-08T16:54:22,2021-05-08T16:58:14
378,47,2021-05-08T16:56:20,2021-05-08T16:59:46
363,359,2021-05-08T16:56:55,2021-05-08T17:00:19
359,379,2021-05-08T17:04:02,2021-05-08T17:07:48
359,47,2021-05-08T17:09:30,2021-05-08T17:15:35
911,466,2021-05-08T17:10:19,2021-05-08T17:22:57
359,911,2021-05-08T17:12:43,2021-05-08T17:24:28
533,533,2021-05-08T17:25:36,2021-05-08T17:56:21
360,359,2021-05-08T17:28:04,2021-05-08T17:48:22
359,911,2021-05-08T17:38:17,2021-05-08T17:45:25
359,364,2021-05-08T17:50:20,2021-05-08T17:54:45
378,462,2021-05-08T17:51:31,2021-05-08T18:01:37
462,532,2021-05-08T17:59:38,2021-05-08T18:03:03
466,532,2021-05-08T18:20:39,2021-05-08T18:24:40
378,378,2021-05-08T18:23:00,2021-05-08T19:03:07
466,359,2021-05-08T18:23:16,2021-05-08T18:31:56
47,359,2021-05-08T18:31:37,2021-05-08T18:40:29
359,379,2021-05-08T18:33:58,2021-05-08T18:38:29
533,47,2021-05-08T18:39:20,2021-05-08T18:53:13
911,911,2021-05-08T18:46:42,2021-05-08T18:47:38
360,363,2021-05-08T18:52:03,2021-05-08T18:56:46
360,363,2021-05-08T18:52:49,2021-05-08T18:58:32
359,379,2021-05-08T18:54:17,2021-05-08T18:57:45
363,363,2021-05-08T19:01:56,2021-05-08T19:02:02
364,364,2021-05-08T19:29:49,2021-05-08T19:30:00
379,359,2021-05-08T19:40:29,2021-05-08T19:44:17
364,364,2021-05-08T19:45:50,2021-05-08T20:21:03
364,363,2021-05-08T19:46:33,2021-05-08T20:02:12
363,363,2021-05-08T19:58:57,2021-05-08T20:28:29
359,462,2021-05-08T20:16:03,2021-05-08T20:19:27
363,359,2021-05-08T20:19:25,2021-05-08T20:24:20
359,359,2021-05-08T20:40:25,2021-05-08T20:57:15
359,363,2021-05-08T20:54:10,2021-05-08T21:00:14
359,363,2021-05-08T20:55:15,2021-05-08T21:00:25
359,359,2021-05-08T20:56:36,2021-05-08T21:29:55
532,462,2021-05-08T21:02:12,2021-05-08T21:04:33
359,363,2021-05-08T21:05:13,2021-05-08T21:08:02
379,379,2021-05-08T21:08:46,2021-05-08T21:27:53
466,466,2021-05-08T21:10:12,2021-05-08T21:21:19
47,47,2021-05-08T21:13:07,2021-05-08T21:47:14
363,911,2021-05-08T21:20:24,2021-05-08T21:29:03
47,378,2021-05-08T21:42:19,2021-05-08T21:45:41
359,47,2021-05-08T21:48:51,2021-05-08T21:58:18
378,378,2021-05-08T22:36:32,2021-05-08T22:39:27
378,378,2021-05-08T22:37:01,2021-05-08T22:38:38
359,359,2021-05-08T23:16:41,2021-05-08T23:43:13
360,364,2021-05-09T05:46:26,2021-05-09T05:50:32
360,364,2021-05-09T05:47:55,2021-05-09T05:50:34
360,379,2021-05-09T08:34:10,2021-05-09T08:37:13
466,359,2021-05-09T08:41:23,2021-05-09T08:46:23
378,466,2021-05-09T09:23:11,2021-05-09T09:27:14
532,359,2021-05-09T10:19:04,2021-05-09T10:28:18
47,532,2021-05-09T10:31:48,2021-05-09T10:44:44
359,532,2021-05-09T11:49:07,2021-05-09T11:56:42
466,466,2021-05-09T12:15:24,2021-05-09T12:40:42
378,378,2021-05-09T12:41:52,2021-05-09T13:23:02
363,47,2021-05-09T12:46:09,2021-05-09T12:48:33
533,532,2021-05-09T12:59:01,2021-05-09T15:57:30
533,532,2021-05-09T12:59:03,2021-05-09T15:57:35
532,532,2021-05-09T13:08:48,2021-05-09T13:47:06
532,466,2021-05-09T13:11:52,2021-05-09T13:19:19
532,466,2021-05-09T13:11:58,2021-05-09T13:19:24
360,533,2021-05-09T13:12:32,2021-05-09T13:18:59
359,533,2021-05-09T13:21:11,2021-05-09T13:29:54
47,533,2021-05-09T13:45:25,2021-05-09T14:01:16
364,379,2021-05-09T14:06:55,2021-05-09T14:12:45
359,359,2021-05-09T14:07:47,2021-05-09T16:09:48
533,466,2021-05-09T14:09:12,2021-05-09T14:12:45
911,532,2021-05-09T14:13:25,2021-05-09T14:46:05
364,359,2021-05-09T14:20:28,2021-05-09T14:27:50
532,532,2021-05-09T14:31:38,2021-05-09T15:17:05
363,360,2021-05-09T14:31:41,2021-05-09T14:41:02
532,532,2021-05-09T14:33:03,2021-05-09T14:33:08
363,533,2021-05-09T14:52:40,2021-05-09T15:07:13
363,533,2021-05-09T14:53:31,2021-05-09T15:07:13
359,364,2021-05-09T15:03:15,2021-05-09T15:09:09
359,364,2021-05-09T15:04:28,2021-05-09T15:08:59
363,363,2021-05-09T15:09:49,2021-05-09T15:38:27
359,533,2021-05-09T15:14:55,2021-05-09T15:19:23
364,359,2021-05-09T15:32:16,2021-05-09T15:35:55
359,364,2021-05-09T15:44:24,2021-05-09T15:48:55
359,363,2021-05-09T16:04:58,2021-05-09T16:27:32
363,47,2021-05-09T16:07:09,2021-05-09T16:10:11
363,47,2021-05-09T16:07:25,2021-05-09T16:10:09
466,378,2021-05-09T16:12:12,2021-05-09T16:17:24
359,533,2021-05-09T16:14:56,2021-05-09T16:19:46
466,462,2021-05-09T16:22:54,2021-05-09T16:25:04
466,532,2021-05-09T16:29:14,2021-05-09T16:34:49
363,363,2021-05-09T16:31:29,2021-05-09T16:34:50
532,532,2021-05-09T16:35:55,2021-05-09T16:36:16
532,379,2021-05-09T16:40:08,2021-05-09T17:02:14
359,359,2021-05-09T16:49:11,2021-05-09T16:49:25
360,359,2021-05-09T16:49:30,2021-05-09T16:52:52
379,359,2021-05-09T16:52:02,2021-05-09T16:58:56
378,533,2021-05-09T16:53:00,2021-05-09T16:58:26
359,533,2021-05-09T16:57:20,2021-05-09T18:49:58
359,533,2021-05-09T17:00:32,2021-05-09T18:49:54
532,532,2021-05-09T17:03:56,2021-05-09T17:16:22
363,47,2021-05-09T17:15:21,2021-05-09T17:17:31
532,47,2021-05-09T17:19:11,2021-05-09T17:38:19
533,533,2021-05-09T17:19:16,2021-05-09T17:23:26
533,533,2021-05-09T17:19:58,2021-05-09T17:22:59
363,363,2021-05-09T17:23:02,2021-05-09T17:27:12
363,47,2021-05-09T17:23:06,2021-05-09T17:28:28
359,379,2021-05-09T17:51:21,2021-05-09T17:58:56
364,360,2021-05-09T18:07:22,2021-05-09T18:12:00
532,359,2021-05-09T18:15:26,2021-05-09T18:22:04
379,359,2021-05-09T18:41:32,2021-05-09T18:45:54
359,379,2021-05-09T18:42:42,2021-05-09T18:46:02
359,359,2021-05-09T18:43:31,2021-05-09T19:16:14
378,378,2021-05-09T18:44:59,2021-05-09T19:18:38
47,47,2021-05-09T18:47:20,2021-05-09T18:52:02
533,364,2021-05-09T18:51:00,2021-05-09T19:48:56
47,47,2021-05-09T19:01:37,2021-05-09T19:45:42
359,359,2021-05-09T19:13:01,2021-05-09T19:28:47
359,364,2021-05-09T19:13:03,2021-05-09T19:17:39
359,364,2021-05-09T19:13:48,2021-05-09T19:17:54
911,911,2021-05-09T19:34:37,2021-05-09T19:42:34
911,911,2021-05-09T19:34:38,2021-05-09T19:42:36
359,379,2021-05-09T19:40:47,2021-05-09T19:47:09
364,364,2021-05-09T19:41:15,2021-05-09T19:49:03
363,359,2021-05-09T19:41:57,2021-05-09T19:47:20
364,364,2021-05-09T19:42:39,2021-05-09T20:16:43
47,47,2021-05-09T19:42:44,2021-05-09T20:21:56
359,359,2021-05-09T19:45:14,2021-05-09T19:59:02
359,363,2021-05-09T19:57:34,2021-05-09T20:01:41
359,379,2021-05-09T20:00:02,2021-05-09T20:05:04
462,462,2021-05-09T20:01:49,2021-05-09T20:12:18
378,363,2021-05-09T20:03:32,2021-05-09T20:12:32
47,47,2021-05-09T20:13:21,2021-05-09T20:44:47
359,359,2021-05-09T20:18:12,2021-05-09T20:33:23
378,47,2021-05-09T20:27:15,2021-05-09T20:29:26
47,47,2021-05-09T20:32:31,2021-05-09T20:53:44
363,359,2021-05-09T20:37:09,2021-05-09T20:57:58
47,378,2021-05-09T20:41:38,2021-05-09T20:44:48
359,533,2021-05-09T20:44:12,2021-05-09T20:49:14
359,359,2021-05-09T20:54:04,2021-05-09T20:54:34
359,363,2021-05-09T20:54:57,2021-05-09T21:01:28
359,359,2021-05-09T20:56:09,2021-05-09T21:17:19
363,533,2021-05-09T20:56:31,2021-05-09T21:05:53
47,359,2021-05-09T21:09:03,2021-05-09T21:50:05
532,462,2021-05-09T21:18:42,2021-05-09T21:21:19
47,47,2021-05-09T21:23:31,2021-05-09T22:10:38
47,47,2021-05-09T21:27:25,2021-05-09T21:42:41
363,363,2021-05-09T21:29:34,2021-05-09T21:30:03
359,359,2021-05-09T22:11:17,2021-05-09T22:24:12
360,379,2021-05-09T22:22:55,2021-05-09T22:25:44
359,359,2021-05-09T23:24:08,2021-05-09T23:34:10
359,359,2021-05-09T23:53:19,2021-05-10T00:03:13
359,378,2021-05-10T00:15:36,2021-05-10T00:35:56
359,359,2021-05-10T01:11:25,2021-05-10T01:12:32
533,47,2021-05-10T07:56:35,2021-05-10T08:14:56
466,466,2021-05-10T08:31:00,2021-05-10T08:48:50
378,378,2021-05-10T08:42:54,2021-05-10T08:43:52
363,359,2021-05-10T09:02:55,2021-05-10T09:05:49
466,363,2021-05-10T09:17:20,2021-05-10T09:21:42
359,363,2021-05-10T10:07:37,2021-05-10T10:10:29
378,359,2021-05-10T10:18:10,2021-05-10T10:21:03
378,47,2021-05-10T10:46:13,2021-05-10T10:50:51
363,466,2021-05-10T10:49:16,2021-05-10T10:56:59
47,378,2021-05-10T11:53:42,2021-05-10T11:57:33
532,532,2021-05-10T11:54:43,2021-05-10T12:36:15
533,359,2021-05-10T12:15:05,2021-05-10T12:35:04
462,359,2021-05-10T12:15:39,2021-05-10T12:20:56
379,533,2021-05-10T12:50:23,2021-05-10T13:01:58
379,360,2021-05-10T13:02:46,2021-05-10T13:07:30
911,360,2021-05-10T13:08:12,2021-05-10T13:15:47
359,47,2021-05-10T13:20:08,2021-05-10T13:26:08
359,462,2021-05-10T13:22:29,2021-05-10T13:28:15
359,359,2021-05-10T13:42:23,2021-05-10T13:59:42
360,379,2021-05-10T13:48:42,2021-05-10T13:53:43
462,47,2021-05-10T13:56:04,2021-05-10T14:03:45
379,359,2021-05-10T14:07:09,2021-05-10T14:11:46
378,911,2021-05-10T15:16:36,2021-05-10T15:23:17
359,533,2021-05-10T15:20:19,2021-05-10T15:26:21
359,533,2021-05-10T15:20:22,2021-05-10T15:26:28
359,359,2021-05-10T15:25:39,2021-05-10T15:26:12
47,466,2021-05-10T15:45:29,2021-05-10T15:53:20
359,533,2021-05-10T16:27:51,2021-05-10T16:36:42
359,533,2021-05-10T16:27:52,2021-05-10T16:36:44
533,911,2021-05-10T16:30:02,2021-05-10T16:37:34
378,378,2021-05-10T16:33:31,2021-05-10T16:33:59
378,378,2021-05-10T16:48:29,2021-05-10T17:32:30
462,911,2021-05-10T17:01:02,2021-05-10T17:06:07
47,47,2021-05-10T17:32:59,2021-05-10T17:33:10
47,47,2021-05-10T17:35:25,2021-05-10T17:36:17
47,47,2021-05-10T17:37:33,2021-05-10T17:38:00
47,47,2021-05-10T17:41:25,2021-05-10T17:42:06
378,378,2021-05-10T17:43:03,2021-05-10T18:15:58
47,47,2021-05-10T17:44:16,2021-05-10T18:31:31
462,360,2021-05-10T17:48:21,2021-05-10T18:09:19
379,379,2021-05-10T17:50:27,2021-05-10T17:51:57
378,378,2021-05-10T18:02:28,2021-05-10T18:38:14
363,47,2021-05-10T18:22:02,2021-05-10T18:24:29
47,47,2021-05-10T18:32:53,2021-05-10T19:15:59
379,359,2021-05-10T18:37:57,2021-05-10T18:42:55
378,359,2021-05-10T18:42:51,2021-05-10T18:45:44
363,378,2021-05-10T18:43:34,2021-05-10T18:51:28
363,359,2021-05-10T19:03:59,2021-05-10T19:11:07
466,466,2021-05-10T19:07:09,2021-05-10T19:51:55
47,359,2021-05-10T19:17:13,2021-05-10T19:29:03
359,379,2021-05-10T19:18:20,2021-05-10T19:22:35
359,47,2021-05-10T19:28:18,2021-05-10T19:34:23
359,378,2021-05-10T19:34:45,2021-05-10T19:37:23
359,359,2021-05-10T19:34:48,2021-05-10T19:42:02
378,359,2021-05-10T19:39:22,2021-05-10T20:01:23
360,47,2021-05-10T19:41:25,2021-05-10T19:47:59
359,359,2021-05-10T19:41:57,2021-05-10T19:51:03
359,359,2021-05-10T19:51:04,2021-05-10T20:01:35
359,47,2021-05-10T19:58:20,2021-05-10T20:39:50
533,911,2021-05-10T20:03:16,2021-05-10T20:34:41
379,359,2021-05-10T20:07:12,2021-05-10T20:19:43
47,363,2021-05-10T20:22:25,2021-05-10T21:22:30
359,466,2021-05-10T20:26:11,2021-05-10T20:46:10
364,379,2021-05-10T20:33:05,2021-05-10T20:35:58
364,379,2021-05-10T20:34:42,2021-05-10T20:41:06
47,378,2021-05-10T20:35:40,2021-05-10T20:41:40
379,47,2021-05-10T20:37:26,2021-05-10T21:05:14
466,359,2021-05-10T20:47:40,2021-05-10T20:57:19
363,363,2021-05-10T20:48:58,2021-05-10T21:22:49
378,378,2021-05-10T20:50:54,2021-05-10T21:07:58
359,378,2021-05-10T21:09:36,2021-05-10T21:11:41
364,359,2021-05-10T22:04:30,2021-05-10T22:06:47
359,363,2021-05-10T22:44:34,2021-05-10T22:48:06
363,378,2021-05-10T22:57:07,2021-05-10T23:05:06
359,378,2021-05-11T00:27:48,2021-05-11T00:30:41
47,47,2021-05-11T00:36:57,2021-05-11T01:14:40
379,532,2021-05-11T07:29:31,2021-05-11T07:47:11
378,47,2021-05-11T08:14:01,2021-05-11T08:16:19
47,378,2021-05-11T08:27:11,2021-05-11T08:30:12
466,363,2021-05-11T09:21:30,2021-05-11T09:25:46
533,532,2021-05-11T11:19:47,2021-05-11T11:31:51
533,532,2021-05-11T11:19:55,2021-05-11T11:31:38
462,911,2021-05-11T11:20:00,2021-05-11T11:31:49
466,462,2021-05-11T11:22:39,2021-05-11T11:25:30
360,359,2021-05-11T11:41:11,2021-05-11T11:42:53
363,378,2021-05-11T12:17:10,2021-05-11T12:22:56
359,378,2021-05-11T12:19:42,2021-05-11T12:22:26
532,47,2021-05-11T12:23:16,2021-05-11T12:38:43
359,532,2021-05-11T12:52:31,2021-05-11T13:00:54
359,532,2021-05-11T12:52:46,2021-05-11T13:01:01
378,466,2021-05-11T13:00:54,2021-05-11T13:05:39
466,532,2021-05-11T13:15:40,2021-05-11T13:19:22
363,363,2021-05-11T13:36:28,2021-05-11T13:36:59
359,911,2021-05-11T13:39:40,2021-05-11T13:43:59
360,911,2021-05-11T13:43:42,2021-05-11T13:48:47
359,462,2021-05-11T14:13:10,2021-05-11T14:25:56
532,359,2021-05-11T14:25:21,2021-05-11T14:29:18
364,359,2021-05-11T14:49:45,2021-05-11T14:53:05
359,462,2021-05-11T14:54:01,2021-05-11T14:58:20
363,363,2021-05-11T16:03:42,2021-05-11T16:03:46
532,532,2021-05-11T16:03:55,2021-05-11T16:07:29
911,359,2021-05-11T16:05:31,2021-05-11T16:21:33
379,378,2021-05-11T16:16:58,2021-05-11T16:24:03
379,462,2021-05-11T16:26:41,2021-05-11T16:32:35
378,359,2021-05-11T16:37:38,2021-05-11T16:41:14
360,462,2021-05-11T16:51:56,2021-05-11T16:56:55
378,462,2021-05-11T17:14:22,2021-05-11T17:19:13
379,363,2021-05-11T17:19:52,2021-05-11T17:23:27
363,47,2021-05-11T17:22:02,2021-05-11T17:31:15
379,359,2021-05-11T17:22:10,2021-05-11T17:28:47
359,359,2021-05-11T17:25:23,2021-05-11T19:53:55
363,47,2021-05-11T17:26:20,2021-05-11T17:27:43
462,532,2021-05-11T17:31:59,2021-05-11T17:34:38
359,533,2021-05-11T17:39:41,2021-05-11T17:45:40
359,533,2021-05-11T18:04:26,2021-05-11T18:10:31
379,359,2021-05-11T18:16:43,2021-05-11T18:22:04
462,532,2021-05-11T18:17:05,2021-05-11T18:21:47
364,359,2021-05-11T18:23:33,2021-05-11T18:42:36
378,533,2021-05-11T18:29:44,2021-05-11T18:35:43
379,379,2021-05-11T18:48:35,2021-05-11T18:57:54
47,359,2021-05-11T18:59:41,2021-05-11T19:04:59
47,359,2021-05-11T18:59:43,2021-05-11T19:04:44
47,378,2021-05-11T19:04:58,2021-05-11T19:33:47
359,532,2021-05-11T19:11:05,2021-05-11T19:16:25
364,532,2021-05-11T19:13:14,2021-05-11T19:41:38
911,532,2021-05-11T19:13:42,2021-05-11T19:56:20
363,533,2021-05-11T19:23:55,2021-05-11T19:34:37
47,47,2021-05-11T19:37:57,2021-05-11T19:38:40
47,47,2021-05-11T19:46:03,2021-05-11T20:20:41
378,363,2021-05-11T19:58:03,2021-05-11T20:21:36
359,379,2021-05-11T19:58:23,2021-05-11T20:04:01
363,47,2021-05-11T20:19:01,2021-05-11T20:21:24
47,47,2021-05-11T20:22:49,2021-05-11T20:53:34
378,379,2021-05-11T20:48:13,2021-05-11T20:52:07
378,363,2021-05-11T21:00:17,2021-05-11T21:15:23
359,379,2021-05-11T21:03:37,2021-05-11T21:10:31
359,379,2021-05-11T21:03:52,2021-05-11T21:10:33
47,462,2021-05-11T21:19:30,2021-05-11T21:25:33
47,462,2021-05-11T21:19:48,2021-05-11T21:25:30
911,359,2021-05-11T22:06:36,2021-05-11T22:18:28
359,359,2021-05-11T23:23:44,2021-05-12T00:02:08
359,363,2021-05-11T23:49:25,2021-05-11T23:51:37
359,363,2021-05-12T00:07:37,2021-05-12T00:40:47
47,47,2021-05-12T00:10:13,2021-05-12T00:18:14
359,378,2021-05-12T00:27:03,2021-05-12T00:29:35
379,359,2021-05-12T09:34:40,2021-05-12T09:37:55
379,532,2021-05-12T10:27:05,2021-05-12T10:42:48
378,378,2021-05-12T12:09:03,2021-05-12T12:10:14
359,359,2021-05-12T12:15:15,2021-05-12T13:11:35
364,47,2021-05-12T12:36:28,2021-05-12T12:39:48
364,359,2021-05-12T12:46:37,2021-05-12T12:51:23
379,359,2021-05-12T13:48:03,2021-05-12T13:58:36
359,378,2021-05-12T14:02:49,2021-05-12T14:05:40
359,359,2021-05-12T14:04:10,2021-05-12T14:04:57
360,47,2021-05-12T14:25:56,2021-05-12T14:30:59
379,379,2021-05-12T14:47:54,2021-05-12T14:48:07
47,359,2021-05-12T15:01:06,2021-05-12T15:07:34
359,364,2021-05-12T15:14:39,2021-05-12T15:17:48
47,47,2021-05-12T15:21:14,2021-05-12T15:22:45
466,462,2021-05-12T15:37:24,2021-05-12T15:39:51
378,47,2021-05-12T15:37:28,2021-05-12T15:39:47
359,532,2021-05-12T16:11:26,2021-05-12T16:19:59
359,47,2021-05-12T16:15:07,2021-05-12T16:24:40
47,364,2021-05-12T16:19:09,2021-05-12T16:23:38
359,47,2021-05-12T16:33:27,2021-05-12T16:38:54
47,359,2021-05-12T16:36:11,2021-05-12T16:43:52
47,462,2021-05-12T16:38:20,2021-05-12T16:48:43
462,532,2021-05-12T16:58:48,2021-05-12T17:10:23
364,47,2021-05-12T17:03:08,2021-05-12T17:09:11
47,532,2021-05-12T17:11:14,2021-05-12T17:34:33
359,532,2021-05-12T17:11:21,2021-05-12T21:21:08
47,462,2021-05-12T17:20:00,2021-05-12T17:37:35
359,359,2021-05-12T17:24:59,2021-05-12T17:25:53
359,466,2021-05-12T17:30:17,2021-05-12T17:35:30
359,359,2021-05-12T17:30:31,2021-05-12T17:30:35
359,359,2021-05-12T17:38:04,2021-05-12T17:49:01
359,532,2021-05-12T17:44:05,2021-05-12T17:55:12
359,363,2021-05-12T18:00:42,2021-05-12T18:05:08
911,466,2021-05-12T18:01:06,2021-05-12T18:06:33
532,359,2021-05-12T18:07:08,2021-05-12T18:17:10
359,533,2021-05-12T18:10:52,2021-05-12T18:16:10
363,47,2021-05-12T18:22:52,2021-05-12T18:24:54
378,378,2021-05-12T18:23:22,2021-05-12T19:04:45
359,47,2021-05-12T18:25:49,2021-05-12T18:31:31
363,47,2021-05-12T18:33:19,2021-05-12T18:34:30
360,533,2021-05-12T18:35:21,2021-05-12T18:46:22
359,533,2021-05-12T18:39:32,2021-05-12T18:46:17
47,47,2021-05-12T18:52:36,2021-05-12T20:00:56
47,47,2021-05-12T18:53:29,2021-05-12T20:00:52
379,359,2021-05-12T19:02:45,2021-05-12T19:25:34
379,360,2021-05-12T19:06:57,2021-05-12T19:29:10
47,364,2021-05-12T19:09:38,2021-05-12T19:15:21
359,359,2021-05-12T19:19:16,2021-05-12T19:31:57
360,911,2021-05-12T19:27:18,2021-05-12T19:32:23
379,364,2021-05-12T19:29:14,2021-05-12T19:31:07
378,533,2021-05-12T19:31:23,2021-05-12T21:16:43
359,359,2021-05-12T19:44:50,2021-05-12T19:45:19
359,363,2021-05-12T19:45:51,2021-05-12T20:12:54
363,363,2021-05-12T20:15:52,2021-05-12T20:29:10
379,533,2021-05-12T20:16:55,2021-05-12T20:25:24
363,47,2021-05-12T20:17:25,2021-05-12T20:18:50
466,466,2021-05-12T20:23:14,2021-05-12T20:51:18
466,466,2021-05-12T20:23:32,2021-05-12T20:51:26
359,363,2021-05-12T20:31:16,2021-05-12T20:34:57
47,47,2021-05-12T20:31:43,2021-05-12T20:31:53
466,466,2021-05-12T20:42:44,2021-05-12T20:51:21
378,466,2021-05-12T21:08:20,2021-05-12T21:11:08
533,47,2021-05-12T21:18:23,2021-05-12T22:21:18
47,47,2021-05-12T21:25:20,2021-05-12T21:54:57
378,359,2021-05-12T21:27:39,2021-05-12T21:52:07
532,462,2021-05-12T21:30:31,2021-05-12T21:33:00
359,359,2021-05-12T21:42:49,2021-05-12T21:52:17
378,378,2021-05-12T22:06:00,2021-05-12T22:12:10
378,359,2021-05-12T22:48:48,2021-05-12T23:06:16
359,47,2021-05-12T22:52:57,2021-05-12T23:18:21
359,359,2021-05-12T23:00:50,2021-05-12T23:11:32
359,359,2021-05-12T23:23:30,2021-05-12T23:42:05
47,359,2021-05-12T23:25:31,2021-05-13T00:04:07
359,378,2021-05-12T23:48:14,2021-05-13T00:05:44
359,378,2021-05-13T00:28:01,2021-05-13T00:31:15
462,466,2021-05-13T05:15:28,2021-05-13T05:59:41
359,532,2021-05-13T05:41:56,2021-05-13T07:23:22
363,363,2021-05-13T06:37:20,2021-05-13T07:10:16
359,532,2021-05-13T08:19:36,2021-05-13T08:25:57
379,532,2021-05-13T08:22:50,2021-05-13T08:39:09
378,359,2021-05-13T08:26:56,2021-05-13T08:30:16
532,360,2021-05-13T08:28:19,2021-05-13T08:34:36
359,462,2021-05-13T09:28:06,2021-05-13T09:32:06
359,462,2021-05-13T09:28:07,2021-05-13T09:32:04
359,911,2021-05-13T09:47:25,2021-05-13T10:02:04
911,360,2021-05-13T09:49:10,2021-05-13T09:56:57
47,359,2021-05-13T10:16:38,2021-05-13T10:22:55
47,359,2021-05-13T10:16:39,2021-05-13T10:23:06
378,363,2021-05-13T10:23:26,2021-05-13T10:25:52
363,363,2021-05-13T10:49:49,2021-05-13T10:50:13
363,363,2021-05-13T10:52:22,2021-05-13T10:52:44
359,532,2021-05-13T10:52:44,2021-05-13T11:22:38
532,532,2021-05-13T11:38:21,2021-05-13T12:21:58
532,532,2021-05-13T11:38:40,2021-05-13T12:21:48
379,359,2021-05-13T11:42:31,2021-05-13T11:54:30
378,47,2021-05-13T11:43:38,2021-05-13T11:46:59
359,379,2021-05-13T11:46:38,2021-05-13T11:52:22
379,359,2021-05-13T12:02:59,2021-05-13T12:07:51
359,533,2021-05-13T12:09:23,2021-05-13T12:16:45
533,533,2021-05-13T12:28:48,2021-05-13T13:05:56
462,47,2021-05-13T12:37:29,2021-05-13T12:45:11
363,378,2021-05-13T12:43:21,2021-05-13T13:12:05
379,364,2021-05-13T13:48:52,2021-05-13T13:51:33
364,379,2021-05-13T13:51:55,2021-05-13T13:54:28
532,532,2021-05-13T14:01:11,2021-05-13T15:02:55
532,532,2021-05-13T14:01:54,2021-05-13T15:03:55
359,911,2021-05-13T14:04:12,2021-05-13T14:09:25
364,379,2021-05-13T14:09:01,2021-05-13T14:11:08
47,359,2021-05-13T14:12:24,2021-05-13T14:18:42
359,359,2021-05-13T14:54:02,2021-05-13T15:29:54
47,378,2021-05-13T14:56:55,2021-05-13T15:00:46
363,533,2021-05-13T15:04:19,2021-05-13T15:21:06
363,533,2021-05-13T15:05:55,2021-05-13T15:21:06
363,47,2021-05-13T15:10:00,2021-05-13T15:12:20
364,378,2021-05-13T15:14:09,2021-05-13T15:16:06
47,363,2021-05-13T15:20:25,2021-05-13T15:24:48
360,911,2021-05-13T15:38:10,2021-05-13T15:44:24
378,47,2021-05-13T15:40:24,2021-05-13T15:47:36
47,47,2021-05-13T15:57:02,2021-05-13T15:57:25
363,532,2021-05-13T16:00:53,2021-05-13T16:10:25
364,379,2021-05-13T16:19:41,2021-05-13T16:21:59
364,532,2021-05-13T16:19:53,2021-05-13T16:28:40
363,466,2021-05-13T16:33:32,2021-05-13T16:36:55
533,462,2021-05-13T16:33:42,2021-05-13T16:35:47
359,47,2021-05-13T16:39:49,2021-05-13T16:49:01
466,466,2021-05-13T16:49:37,2021-05-13T17:09:18
533,533,2021-05-13T17:01:13,2021-05-13T19:38:12
359,533,2021-05-13T17:10:01,2021-05-13T17:16:26
359,363,2021-05-13T17:13:05,2021-05-13T17:19:23
359,359,2021-05-13T17:19:55,2021-05-13T17:39:21
359,533,2021-05-13T17:30:35,2021-05-13T17:36:37
359,359,2021-05-13T17:32:00,2021-05-13T18:08:59
364,364,2021-05-13T17:34:49,2021-05-13T18:14:14
532,532,2021-05-13T18:02:01,2021-05-13T18:34:06
47,47,2021-05-13T18:04:10,2021-05-13T18:32:41
47,47,2021-05-13T18:04:50,2021-05-13T18:32:31
363,359,2021-05-13T18:07:42,2021-05-13T18:55:32
532,47,2021-05-13T18:13:06,2021-05-13T18:31:30
532,532,2021-05-13T18:16:03,2021-05-13T18:29:59
364,364,2021-05-13T18:16:51,2021-05-13T18:24:11
532,532,2021-05-13T18:17:29,2021-05-13T18:29:37
532,532,2021-05-13T18:23:18,2021-05-13T18:25:08
364,364,2021-05-13T18:39:33,2021-05-13T19:22:09
360,911,2021-05-13T18:45:41,2021-05-13T19:08:48
359,363,2021-05-13T18:48:54,2021-05-13T18:53:39
359,378,2021-05-13T18:52:14,2021-05-13T18:54:10
378,359,2021-05-13T18:56:36,2021-05-13T19:02:31
378,359,2021-05-13T18:57:12,2021-05-13T19:02:08
462,462,2021-05-13T19:00:04,2021-05-13T19:16:48
532,462,2021-05-13T19:07:28,2021-05-13T19:11:29
359,359,2021-05-13T19:12:27,2021-05-13T19:14:48
359,532,2021-05-13T19:23:54,2021-05-13T19:27:19
47,378,2021-05-13T19:26:21,2021-05-13T19:31:07
364,364,2021-05-13T19:37:52,2021-05-13T19:54:18
359,359,2021-05-13T19:41:44,2021-05-13T19:56:05
466,466,2021-05-13T19:50:16,2021-05-13T20:23:19
47,47,2021-05-13T19:53:32,2021-05-13T20:06:58
364,364,2021-05-13T19:58:14,2021-05-13T20:18:02
378,378,2021-05-13T20:17:11,2021-05-13T20:51:35
364,364,2021-05-13T20:20:31,2021-05-13T20:21:13
360,379,2021-05-13T20:20:58,2021-05-13T20:24:50
466,911,2021-05-13T20:21:42,2021-05-13T20:26:36
532,378,2021-05-13T21:03:00,2021-05-13T21:07:51
47,47,2021-05-13T21:11:11,2021-05-13T21:27:49
359,378,2021-05-13T21:11:49,2021-05-13T21:13:50
47,378,2021-05-13T21:14:21,2021-05-13T21:18:12
47,47,2021-05-13T21:15:48,2021-05-13T21:58:20
462,466,2021-05-13T21:19:53,2021-05-13T21:22:09
359,364,2021-05-13T21:20:16,2021-05-13T21:23:51
359,359,2021-05-13T21:26:25,2021-05-13T21:36:48
47,363,2021-05-13T21:32:26,2021-05-13T21:34:19
462,466,2021-05-13T21:48:42,2021-05-13T21:50:21
363,359,2021-05-13T21:53:41,2021-05-13T22:03:28
359,363,2021-05-13T22:05:33,2021-05-13T22:09:14
359,359,2021-05-13T22:47:04,2021-05-14T00:36:57
359,363,2021-05-13T23:02:36,2021-05-13T23:06:04
359,378,2021-05-13T23:08:31,2021-05-13T23:10:38
47,47,2021-05-13T23:15:49,2021-05-13T23:17:15
359,359,2021-05-13T23:37:57,2021-05-13T23:48:56
364,364,2021-05-14T00:08:34,2021-05-14T00:10:25
364,364,2021-05-14T00:11:05,2021-05-14T00:11:21
359,378,2021-05-14T00:27:04,2021-05-14T00:29:48
359,359,2021-05-14T00:43:19,2021-05-14T00:57:52
378,378,2021-05-14T01:10:21,2021-05-14T01:36:31
47,47,2021-05-14T02:51:08,2021-05-14T03:01:59
379,532,2021-05-14T07:28:36,2021-05-14T07:44:15
47,364,2021-05-14T09:20:29,2021-05-14T09:25:24
359,359,2021-05-14T09:49:11,2021-05-14T09:50:31
359,359,2021-05-14T09:53:56,2021-05-14T10:13:07
532,532,2021-05-14T10:48:08,2021-05-14T11:55:24
379,359,2021-05-14T11:17:20,2021-05-14T11:20:40
378,533,2021-05-14T11:30:20,2021-05-14T11:35:55
364,532,2021-05-14T11:33:30,2021-05-14T12:13:41
47,359,2021-05-14T11:45:43,2021-05-14T12:00:55
359,363,2021-05-14T11:55:53,2021-05-14T11:59:18
359,533,2021-05-14T12:08:55,2021-05-14T12:16:27
532,532,2021-05-14T12:20:01,2021-05-14T12:21:26
379,359,2021-05-14T12:34:00,2021-05-14T12:40:41
359,532,2021-05-14T13:19:17,2021-05-14T13:26:26
378,359,2021-05-14T13:44:54,2021-05-14T13:47:20
359,533,2021-05-14T13:45:49,2021-05-14T13:51:20
359,364,2021-05-14T14:10:47,2021-05-14T14:44:15
359,359,2021-05-14T14:13:52,2021-05-14T14:14:25
533,359,2021-05-14T14:18:52,2021-05-14T14:28:52
533,359,2021-05-14T14:19:07,2021-05-14T14:28:56
532,532,2021-05-14T14:27:50,2021-05-14T14:32:25
47,911,2021-05-14T14:47:43,2021-05-14T15:01:19
359,911,2021-05-14T14:48:35,2021-05-14T14:54:35
911,533,2021-05-14T15:25:16,2021-05-14T15:27:58
359,911,2021-05-14T15:25:23,2021-05-14T15:47:19
359,911,2021-05-14T15:25:41,2021-05-14T15:45:44
379,359,2021-05-14T15:28:38,2021-05-14T15:32:31
47,532,2021-05-14T15:28:45,2021-05-14T15:39:15
363,911,2021-05-14T15:30:50,2021-05-14T16:13:09
363,911,2021-05-14T15:31:15,2021-05-14T16:13:27
466,462,2021-05-14T15:31:47,2021-05-14T16:15:25
359,47,2021-05-14T15:38:43,2021-05-14T15:45:51
359,378,2021-05-14T15:38:54,2021-05-14T15:41:31
363,379,2021-05-14T15:44:28,2021-05-14T15:57:54
359,379,2021-05-14T16:01:07,2021-05-14T16:07:46
359,379,2021-05-14T16:18:23,2021-05-14T16:21:55
359,359,2021-05-14T16:36:11,2021-05-14T16:41:04
378,532,2021-05-14T16:57:24,2021-05-14T17:02:49
364,359,2021-05-14T16:59:25,2021-05-14T17:03:27
532,532,2021-05-14T16:59:45,2021-05-14T20:07:43
911,359,2021-05-14T17:00:15,2021-05-14T17:09:07
378,378,2021-05-14T17:00:24,2021-05-14T17:32:15
378,532,2021-05-14T17:00:50,2021-05-14T17:14:10
378,532,2021-05-14T17:01:02,2021-05-14T17:14:12
359,359,2021-05-14T17:05:27,2021-05-14T17:14:10
363,363,2021-05-14T17:19:05,2021-05-14T17:19:34
378,378,2021-05-14T17:36:29,2021-05-14T17:47:26
359,47,2021-05-14T17:37:52,2021-05-14T17:44:31
532,532,2021-05-14T17:41:04,2021-05-14T18:23:20
532,532,2021-05-14T17:42:51,2021-05-14T18:23:11
359,533,2021-05-14T17:45:53,2021-05-14T17:51:11
359,364,2021-05-14T17:48:17,2021-05-14T17:53:35
911,911,2021-05-14T17:49:14,2021-05-14T17:55:30
360,379,2021-05-14T17:50:05,2021-05-14T17:56:22
360,532,2021-05-14T17:53:23,2021-05-14T18:01:36
532,360,2021-05-14T17:54:15,2021-05-14T18:01:03
532,532,2021-05-14T17:55:38,2021-05-14T17:55:45
911,532,2021-05-14T17:56:55,2021-05-14T18:11:54
47,466,2021-05-14T17:57:30,2021-05-14T18:04:59
359,533,2021-05-14T17:58:34,2021-05-14T18:06:20
359,533,2021-05-14T17:59:21,2021-05-14T18:06:14
532,532,2021-05-14T18:16:58,2021-05-14T19:23:28
532,532,2021-05-14T18:17:05,2021-05-14T19:23:25
532,532,2021-05-14T18:19:37,2021-05-14T19:23:34
363,359,2021-05-14T18:34:44,2021-05-14T18:39:36
532,359,2021-05-14T18:40:35,2021-05-14T18:47:18
47,364,2021-05-14T18:41:32,2021-05-14T18:45:23
359,364,2021-05-14T18:43:41,2021-05-14T18:51:38
359,359,2021-05-14T18:46:24,2021-05-14T19:01:25
359,533,2021-05-14T18:56:10,2021-05-14T19:01:31
47,47,2021-05-14T18:57:17,2021-05-14T19:10:26
360,379,2021-05-14T19:28:32,2021-05-14T19:34:00
379,359,2021-05-14T19:30:36,2021-05-14T19:42:38
360,379,2021-05-14T19:31:44,2021-05-14T19:39:17
47,359,2021-05-14T19:41:41,2021-05-14T20:14:44
359,359,2021-05-14T19:43:50,2021-05-14T20:37:07
359,363,2021-05-14T19:43:53,2021-05-14T19:48:02
359,359,2021-05-14T19:44:12,2021-05-14T19:44:46
466,911,2021-05-14T19:53:05,2021-05-14T19:58:08
533,360,2021-05-14T20:01:59,2021-05-14T20:12:35
47,359,2021-05-14T20:04:29,2021-05-14T20:11:20
47,359,2021-05-14T20:04:36,2021-05-14T20:11:39
360,360,2021-05-14T20:44:14,2021-05-14T20:45:32
462,359,2021-05-14T20:57:10,2021-05-14T21:08:14
462,359,2021-05-14T20:58:02,2021-05-14T21:08:13
532,532,2021-05-14T20:59:47,2021-05-14T20:59:57
47,363,2021-05-14T21:01:35,2021-05-14T21:03:32
359,47,2021-05-14T21:01:54,2021-05-14T21:33:48
359,359,2021-05-14T21:10:59,2021-05-14T21:19:15
462,359,2021-05-14T21:26:57,2021-05-14T21:34:48
462,359,2021-05-14T21:27:24,2021-05-14T21:34:39
359,378,2021-05-14T21:42:11,2021-05-14T21:44:41
359,359,2021-05-14T21:48:22,2021-05-14T21:57:23
359,359,2021-05-14T22:42:59,2021-05-14T23:08:25
359,378,2021-05-14T22:48:06,2021-05-14T22:50:29
47,359,2021-05-14T23:13:51,2021-05-14T23:37:29
359,363,2021-05-14T23:19:07,2021-05-14T23:22:56
359,359,2021-05-14T23:39:20,2021-05-14T23:39:26
359,359,2021-05-14T23:52:39,2021-05-15T00:15:00
378,359,2021-05-15T00:16:47,2021-05-15T00:37:00
359,378,2021-05-15T00:44:32,2021-05-15T01:38:10
359,462,2021-05-15T00:49:06,2021-05-15T01:17:03
378,359,2021-05-15T01:40:42,2021-05-15T02:14:10
359,378,2021-05-15T02:24:32,2021-05-15T02:44:43
363,363,2021-05-15T06:29:23,2021-05-15T06:34:02
378,47,2021-05-15T07:52:05,2021-05-15T07:54:55
363,533,2021-05-15T08:46:27,2021-05-15T08:57:54
360,360,2021-05-15T08:54:46,2021-05-15T09:14:04
359,533,2021-05-15T10:01:56,2021-05-15T10:07:30
379,462,2021-05-15T10:08:15,2021-05-15T10:17:00
363,47,2021-05-15T10:16:02,2021-05-15T10:18:32
378,533,2021-05-15T10:43:44,2021-05-15T10:51:24
466,363,2021-05-15T10:46:05,2021-05-15T10:54:20
532,532,2021-05-15T10:55:02,2021-05-15T11:56:44
532,532,2021-05-15T10:57:22,2021-05-15T11:56:31
359,359,2021-05-15T11:03:21,2021-05-15T11:03:23
462,47,2021-05-15T11:04:46,2021-05-15T11:12:01
462,359,2021-05-15T11:04:47,2021-05-15T11:11:17
359,462,2021-05-15T11:31:04,2021-05-15T11:35:39
378,363,2021-05-15T11:33:24,2021-05-15T12:35:09
47,532,2021-05-15T11:42:53,2021-05-15T12:23:18
47,532,2021-05-15T11:42:54,2021-05-15T12:23:45
911,363,2021-05-15T11:43:51,2021-05-15T11:53:09
47,533,2021-05-15T11:45:15,2021-05-15T12:33:55
533,532,2021-05-15T11:47:31,2021-05-15T12:08:45
359,532,2021-05-15T11:56:05,2021-05-15T12:04:53
363,378,2021-05-15T12:36:57,2021-05-15T12:43:45
359,533,2021-05-15T12:44:29,2021-05-15T12:51:21
379,47,2021-05-15T12:54:58,2021-05-15T12:57:42
462,462,2021-05-15T13:09:03,2021-05-15T13:11:29
359,533,2021-05-15T13:21:30,2021-05-15T13:30:28
532,532,2021-05-15T13:21:58,2021-05-15T13:59:48
532,532,2021-05-15T13:23:33,2021-05-15T14:09:31
47,462,2021-05-15T13:26:02,2021-05-15T13:38:02
462,532,2021-05-15T13:33:11,2021-05-15T13:39:39
379,359,2021-05-15T13:39:45,2021-05-15T13:47:05
379,379,2021-05-15T13:41:34,2021-05-15T14:22:36
359,47,2021-05-15T13:47:31,2021-05-15T13:50:19
363,363,2021-05-15T13:49:13,2021-05-15T13:49:30
364,359,2021-05-15T13:49:23,2021-05-15T14:02:24
364,359,2021-05-15T13:55:06,2021-05-15T14:02:33
533,47,2021-05-15T14:06:05,2021-05-15T14:27:51
532,532,2021-05-15T14:18:09,2021-05-15T14:18:13
359,47,2021-05-15T14:32:21,2021-05-15T14:36:56
378,378,2021-05-15T14:43:39,2021-05-15T14:43:42
378,378,2021-05-15T14:44:10,2021-05-15T14:49:37
47,359,2021-05-15T14:49:18,2021-05-15T14:54:00
378,533,2021-05-15T14:55:01,2021-05-15T15:07:10
47,466,2021-05-15T15:01:19,2021-05-15T15:24:23
359,359,2021-05-15T15:07:55,2021-05-15T15:30:35
47,359,2021-05-15T15:34:54,2021-05-15T15:40:52
359,532,2021-05-15T15:35:58,2021-05-15T15:46:04
359,532,2021-05-15T15:36:14,2021-05-15T15:54:07
359,364,2021-05-15T15:41:00,2021-05-15T15:44:26
466,378,2021-05-15T15:50:44,2021-05-15T16:08:30
378,378,2021-05-15T15:57:16,2021-05-15T16:00:16
378,378,2021-05-15T16:02:12,2021-05-15T16:29:03
364,359,2021-05-15T16:23:39,2021-05-15T16:27:05
532,378,2021-05-15T16:33:41,2021-05-15T18:31:39
359,533,2021-05-15T16:35:08,2021-05-15T16:47:59
359,533,2021-05-15T16:35:54,2021-05-15T16:50:03
532,532,2021-05-15T16:42:02,2021-05-15T16:47:35
532,532,2021-05-15T16:46:33,2021-05-15T16:49:41
359,360,2021-05-15T16:50:45,2021-05-15T17:14:41
359,363,2021-05-15T16:59:17,2021-05-15T17:02:07
359,462,2021-05-15T17:02:16,2021-05-15T17:15:53
532,532,2021-05-15T17:03:19,2021-05-15T17:04:50
359,462,2021-05-15T17:03:37,2021-05-15T17:15:57
378,359,2021-05-15T17:18:23,2021-05-15T17:21:37
379,379,2021-05-15T17:26:40,2021-05-15T17:28:23
466,532,2021-05-15T17:28:51,2021-05-15T17:35:05
466,532,2021-05-15T17:28:53,2021-05-15T17:33:49
359,533,2021-05-15T17:41:29,2021-05-15T17:46:22
363,359,2021-05-15T17:43:29,2021-05-15T18:02:37
359,47,2021-05-15T17:54:10,2021-05-15T18:05:56
359,359,2021-05-15T18:05:29,2021-05-15T18:06:05
359,359,2021-05-15T18:08:12,2021-05-15T18:08:34
359,360,2021-05-15T18:09:11,2021-05-15T18:11:19
359,363,2021-05-15T18:09:27,2021-05-15T18:18:59
533,911,2021-05-15T18:15:11,2021-05-15T18:38:25
533,911,2021-05-15T18:15:37,2021-05-15T18:38:18
533,911,2021-05-15T18:15:47,2021-05-15T18:38:26
359,911,2021-05-15T18:19:00,2021-05-15T18:25:57
532,532,2021-05-15T18:21:38,2021-05-15T18:29:47
379,359,2021-05-15T18:34:07,2021-05-15T18:39:34
533,532,2021-05-15T18:37:06,2021-05-15T20:37:28
47,911,2021-05-15T18:42:09,2021-05-15T18:49:59
359,47,2021-05-15T18:48:20,2021-05-15T18:55:13
359,533,2021-05-15T18:55:53,2021-05-15T19:01:41
47,378,2021-05-15T18:56:39,2021-05-15T19:01:42
359,359,2021-05-15T18:59:13,2021-05-15T19:22:50
378,359,2021-05-15T19:01:39,2021-05-15T20:03:47
47,466,2021-05-15T19:30:29,2021-05-15T19:36:53
359,359,2021-05-15T19:36:54,2021-05-15T21:11:01
378,532,2021-05-15T19:37:17,2021-05-15T19:47:15
533,363,2021-05-15T19:39:48,2021-05-15T19:54:45
378,533,2021-05-15T19:39:51,2021-05-15T19:48:13
359,359,2021-05-15T19:44:37,2021-05-15T21:11:23
359,359,2021-05-15T19:44:53,2021-05-15T21:11:12
378,462,2021-05-15T19:45:10,2021-05-15T19:49:25
359,533,2021-05-15T19:50:22,2021-05-15T20:07:40
359,911,2021-05-15T19:51:06,2021-05-15T19:56:44
359,47,2021-05-15T19:53:47,2021-05-15T19:59:27
532,532,2021-05-15T20:01:58,2021-05-15T20:03:09
359,533,2021-05-15T20:08:52,2021-05-15T20:17:45
532,532,2021-05-15T20:19:02,2021-05-15T20:21:07
533,532,2021-05-15T20:27:33,2021-05-15T21:26:55
533,532,2021-05-15T20:29:18,2021-05-15T21:26:34
533,532,2021-05-15T20:29:25,2021-05-15T21:26:30
533,532,2021-05-15T20:29:50,2021-05-15T21:27:06
359,47,2021-05-15T20:39:52,2021-05-15T20:47:29
359,47,2021-05-15T20:40:01,2021-05-15T20:47:18
359,359,2021-05-15T21:10:21,2021-05-15T21:21:56
363,363,2021-05-15T21:27:36,2021-05-15T21:41:22
47,47,2021-05-15T21:43:55,2021-05-15T21:53:12
359,359,2021-05-15T21:48:12,2021-05-15T22:12:13
359,378,2021-05-15T21:56:02,2021-05-15T21:58:14
379,379,2021-05-15T23:02:45,2021-05-15T23:06:27
359,363,2021-05-16T07:25:18,2021-05-16T07:42:56
378,363,2021-05-16T09:35:56,2021-05-16T09:37:53
359,911,2021-05-16T10:38:57,2021-05-16T10:44:51
363,359,2021-05-16T10:51:46,2021-05-16T10:55:42
359,533,2021-05-16T11:37:37,2021-05-16T11:44:30
359,533,2021-05-16T11:38:34,2021-05-16T11:44:33
359,533,2021-05-16T11:45:56,2021-05-16T11:52:26
359,533,2021-05-16T11:46:45,2021-05-16T11:52:35
47,378,2021-05-16T11:52:44,2021-05-16T11:56:46
378,466,2021-05-16T11:58:23,2021-05-16T12:00:55
359,359,2021-05-16T12:01:52,2021-05-16T12:03:20
359,359,2021-05-16T12:03:22,2021-05-16T12:03:25
378,47,2021-05-16T12:23:47,2021-05-16T12:51:38
364,532,2021-05-16T12:23:55,2021-05-16T12:41:36
378,378,2021-05-16T12:27:08,2021-05-16T12:42:03
379,532,2021-05-16T12:34:14,2021-05-16T12:51:58
378,378,2021-05-16T12:40:48,2021-05-16T13:23:31
532,532,2021-05-16T12:50:11,2021-05-16T12:50:30
47,378,2021-05-16T12:55:06,2021-05-16T13:17:47
359,532,2021-05-16T13:05:56,2021-05-16T13:14:38
47,532,2021-05-16T13:10:37,2021-05-16T13:22:08
47,532,2021-05-16T13:11:28,2021-05-16T13:21:52
360,360,2021-05-16T13:17:28,2021-05-16T13:17:46
359,532,2021-05-16T13:35:27,2021-05-16T14:08:39
466,532,2021-05-16T13:40:43,2021-05-16T13:46:59
47,532,2021-05-16T13:48:21,2021-05-16T14:03:22
379,379,2021-05-16T13:54:03,2021-05-16T13:54:20
532,532,2021-05-16T13:54:34,2021-05-16T13:55:29
378,47,2021-05-16T13:55:42,2021-05-16T13:57:52
532,532,2021-05-16T14:00:06,2021-05-16T14:00:33
532,532,2021-05-16T14:00:56,2021-05-16T14:04:27
47,359,2021-05-16T14:03:48,2021-05-16T14:08:17
911,532,2021-05-16T14:21:30,2021-05-16T15:11:38
466,466,2021-05-16T14:22:31,2021-05-16T15:36:55
466,466,2021-05-16T14:23:10,2021-05-16T15:36:58
360,359,2021-05-16T14:28:16,2021-05-16T14:30:05
360,533,2021-05-16T14:32:04,2021-05-16T14:43:53
462,466,2021-05-16T14:49:39,2021-05-16T14:51:15
360,359,2021-05-16T14:54:52,2021-05-16T14:56:15
359,533,2021-05-16T14:59:05,2021-05-16T15:04:35
359,533,2021-05-16T14:59:52,2021-05-16T15:04:40
359,533,2021-05-16T15:00:46,2021-05-16T15:04:31
533,466,2021-05-16T15:04:57,2021-05-16T15:13:27
533,466,2021-05-16T15:05:00,2021-05-16T15:13:40
47,364,2021-05-16T15:07:00,2021-05-16T15:12:07
47,364,2021-05-16T15:07:31,2021-05-16T15:12:07
378,363,2021-05-16T15:08:03,2021-05-16T15:10:06
378,532,2021-05-16T15:08:22,2021-05-16T16:20:21
532,532,2021-05-16T15:09:35,2021-05-16T15:09:55
363,532,2021-05-16T15:10:18,2021-05-16T15:33:57
360,533,2021-05-16T15:32:06,2021-05-16T15:46:57
532,359,2021-05-16T15:56:04,2021-05-16T16:10:31
466,532,2021-05-16T15:58:18,2021-05-16T16:11:38
359,363,2021-05-16T15:58:54,2021-05-16T16:03:23
359,378,2021-05-16T16:03:09,2021-05-16T16:04:56
532,363,2021-05-16T16:05:38,2021-05-16T16:19:28
532,363,2021-05-16T16:07:00,2021-05-16T16:18:36
378,533,2021-05-16T16:07:26,2021-05-16T16:15:55
359,533,2021-05-16T16:12:01,2021-05-16T16:18:25
359,379,2021-05-16T16:12:04,2021-05-16T16:20:31
363,379,2021-05-16T16:38:02,2021-05-16T16:42:56
378,363,2021-05-16T16:40:13,2021-05-16T16:41:55
359,379,2021-05-16T16:42:20,2021-05-16T16:48:23
532,532,2021-05-16T16:54:27,2021-05-16T16:56:54
47,379,2021-05-16T16:54:54,2021-05-16T16:58:53
359,359,2021-05-16T17:00:25,2021-05-16T17:11:18
532,532,2021-05-16T17:01:53,2021-05-16T17:49:27
532,532,2021-05-16T17:02:13,2021-05-16T17:49:41
532,359,2021-05-16T17:08:06,2021-05-16T17:16:47
359,364,2021-05-16T17:10:34,2021-05-16T17:18:22
47,533,2021-05-16T17:16:40,2021-05-16T17:27:57
462,532,2021-05-16T17:18:40,2021-05-16T17:22:51
466,911,2021-05-16T17:22:14,2021-05-16T17:28:47
47,911,2021-05-16T17:23:06,2021-05-16T17:34:56
532,359,2021-05-16T17:30:05,2021-05-16T17:38:15
359,462,2021-05-16T17:42:33,2021-05-16T17:55:56
359,462,2021-05-16T17:42:34,2021-05-16T17:55:55
47,379,2021-05-16T17:47:50,2021-05-16T18:12:44
379,364,2021-05-16T17:54:20,2021-05-16T17:57:29
360,379,2021-05-16T17:55:58,2021-05-16T18:03:30
360,379,2021-05-16T17:56:15,2021-05-16T18:03:24
379,379,2021-05-16T17:57:20,2021-05-16T18:03:28
379,379,2021-05-16T17:58:01,2021-05-16T18:03:39
462,462,2021-05-16T17:58:45,2021-05-16T19:17:41
359,533,2021-05-16T18:01:51,2021-05-16T18:05:53
379,379,2021-05-16T18:06:14,2021-05-16T18:10:06
379,379,2021-05-16T18:12:48,2021-05-16T19:34:27
47,359,2021-05-16T18:13:03,2021-05-16T18:18:46
359,360,2021-05-16T18:15:17,2021-05-16T18:21:45
359,359,2021-05-16T18:17:36,2021-05-16T18:46:19
466,532,2021-05-16T18:24:03,2021-05-16T18:30:21
359,47,2021-05-16T18:34:15,2021-05-16T18:37:58
47,47,2021-05-16T18:37:38,2021-05-16T18:38:31
359,359,2021-05-16T18:54:25,2021-05-16T19:21:29
378,466,2021-05-16T19:00:58,2021-05-16T20:43:47
378,466,2021-05-16T19:01:32,2021-05-16T20:43:34
378,466,2021-05-16T19:01:46,2021-05-16T20:43:50
47,466,2021-05-16T19:01:54,2021-05-16T19:09:01
379,363,2021-05-16T19:05:44,2021-05-16T19:40:40
466,911,2021-05-16T19:05:59,2021-05-16T19:10:28
47,378,2021-05-16T19:06:09,2021-05-16T19:08:28
911,359,2021-05-16T19:08:17,2021-05-16T19:29:20
47,47,2021-05-16T19:17:11,2021-05-16T19:43:32
379,533,2021-05-16T19:17:16,2021-05-16T19:27:30
532,532,2021-05-16T19:18:31,2021-05-16T19:53:54
911,466,2021-05-16T19:18:53,2021-05-16T19:24:47
532,532,2021-05-16T19:22:00,2021-05-16T19:53:55
378,533,2021-05-16T19:27:14,2021-05-16T19:32:03
364,363,2021-05-16T19:30:45,2021-05-16T19:36:23
364,363,2021-05-16T19:31:16,2021-05-16T19:36:14
359,379,2021-05-16T19:50:11,2021-05-16T19:54:31
533,533,2021-05-16T19:51:59,2021-05-16T21:08:58
360,360,2021-05-16T20:07:48,2021-05-16T20:29:55
911,911,2021-05-16T20:11:20,2021-05-16T20:11:30
378,359,2021-05-16T20:19:40,2021-05-16T20:55:06
363,359,2021-05-16T20:21:08,2021-05-16T20:24:29
378,363,2021-05-16T20:47:50,2021-05-16T20:49:28
532,462,2021-05-16T21:08:52,2021-05-16T21:10:56
532,532,2021-05-16T21:09:33,2021-05-16T21:11:21
360,360,2021-05-16T21:15:58,2021-05-16T21:16:44
359,378,2021-05-16T22:19:58,2021-05-16T22:22:15
359,533,2021-05-16T22:58:26,2021-05-16T23:10:56
47,47,2021-05-16T23:18:05,2021-05-17T00:18:55
47,47,2021-05-16T23:21:40,2021-05-17T00:19:01
911,359,2021-05-16T23:32:23,2021-05-16T23:36:19
378,359,2021-05-17T00:10:42,2021-05-17T00:44:51
47,47,2021-05-17T00:19:43,2021-05-17T00:33:53
47,47,2021-05-17T00:20:33,2021-05-17T01:04:39
47,47,2021-05-17T00:20:35,2021-05-17T01:04:10
359,359,2021-05-17T00:51:32,2021-05-17T01:06:18
47,47,2021-05-17T01:05:29,2021-05-17T01:57:17
359,378,2021-05-17T01:26:42,2021-05-17T01:29:22
364,359,2021-05-17T06:25:05,2021-05-17T06:28:37
379,532,2021-05-17T07:32:35,2021-05-17T07:47:47
378,359,2021-05-17T07:32:44,2021-05-17T07:58:22
466,363,2021-05-17T09:11:56,2021-05-17T09:16:57
363,47,2021-05-17T09:28:06,2021-05-17T09:29:35
47,462,2021-05-17T10:14:57,2021-05-17T10:23:16
532,360,2021-05-17T10:39:47,2021-05-17T10:48:42
359,533,2021-05-17T10:41:29,2021-05-17T10:48:39
359,533,2021-05-17T10:59:45,2021-05-17T11:04:51
532,532,2021-05-17T11:27:33,2021-05-17T12:02:54
532,532,2021-05-17T11:28:10,2021-05-17T12:03:26
360,379,2021-05-17T12:05:08,2021-05-17T12:08:17
359,532,2021-05-17T12:17:00,2021-05-17T12:22:32
359,359,2021-05-17T12:22:54,2021-05-17T12:55:53
359,359,2021-05-17T12:28:59,2021-05-17T13:20:29
47,359,2021-05-17T12:31:10,2021-05-17T12:48:04
363,47,2021-05-17T12:33:42,2021-05-17T12:35:43
379,379,2021-05-17T12:36:46,2021-05-17T12:39:19
359,533,2021-05-17T12:37:29,2021-05-17T12:46:26
359,533,2021-05-17T12:38:08,2021-05-17T12:46:02
533,533,2021-05-17T12:50:30,2021-05-17T12:50:51
359,967,2021-05-17T12:52:16,2021-05-17T12:57:44
359,47,2021-05-17T12:58:28,2021-05-17T13:05:23
359,47,2021-05-17T13:00:54,2021-05-17T13:12:08
466,532,2021-05-17T13:02:41,2021-05-17T13:09:42
379,379,2021-05-17T13:17:18,2021-05-17T13:29:47
47,462,2021-05-17T13:18:09,2021-05-17T13:41:23
359,533,2021-05-17T13:20:51,2021-05-17T13:27:50
47,47,2021-05-17T13:27:48,2021-05-17T13:28:07
359,462,2021-05-17T13:35:06,2021-05-17T13:41:54
359,47,2021-05-17T13:43:59,2021-05-17T13:51:48
359,378,2021-05-17T13:46:35,2021-05-17T13:51:56
462,359,2021-05-17T13:50:18,2021-05-17T13:57:23
379,47,2021-05-17T13:54:58,2021-05-17T13:58:09
359,47,2021-05-17T13:59:56,2021-05-17T14:05:06
379,364,2021-05-17T14:24:45,2021-05-17T14:25:58
379,359,2021-05-17T14:30:55,2021-05-17T14:39:08
359,359,2021-05-17T14:31:48,2021-05-17T14:32:16
47,532,2021-05-17T14:32:47,2021-05-17T14:49:09
359,359,2021-05-17T14:32:56,2021-05-17T14:33:27
462,532,2021-05-17T14:41:57,2021-05-17T15:44:21
911,532,2021-05-17T14:46:06,2021-05-17T14:47:29
364,364,2021-05-17T14:52:32,2021-05-17T15:02:31
462,466,2021-05-17T15:37:34,2021-05-17T15:40:05
379,359,2021-05-17T15:38:30,2021-05-17T15:42:08
462,533,2021-05-17T15:50:00,2021-05-17T16:03:47
359,533,2021-05-17T15:54:26,2021-05-17T16:01:11
359,47,2021-05-17T16:29:18,2021-05-17T16:34:13
379,359,2021-05-17T16:29:18,2021-05-17T16:38:24
359,533,2021-05-17T16:56:22,2021-05-17T17:07:15
359,533,2021-05-17T17:00:35,2021-05-17T17:07:18
364,359,2021-05-17T17:07:57,2021-05-17T17:12:13
378,47,2021-05-17T17:10:49,2021-05-17T17:14:07
359,359,2021-05-17T17:13:06,2021-05-17T17:14:14
967,363,2021-05-17T17:16:00,2021-05-17T17:21:41
462,532,2021-05-17T17:19:57,2021-05-17T17:22:50
47,47,2021-05-17T17:26:56,2021-05-17T17:34:08
359,533,2021-05-17T18:03:39,2021-05-17T18:22:22
359,359,2021-05-17T18:04:49,2021-05-17T18:36:31
379,379,2021-05-17T18:09:01,2021-05-17T18:10:22
379,359,2021-05-17T18:21:34,2021-05-17T18:28:40
911,462,2021-05-17T18:27:16,2021-05-17T18:29:39
466,359,2021-05-17T18:29:26,2021-05-17T18:44:56
47,532,2021-05-17T18:30:17,2021-05-17T19:10:41
911,911,2021-05-17T18:37:26,2021-05-17T19:00:38
378,466,2021-05-17T18:38:53,2021-05-17T18:41:42
47,359,2021-05-17T19:04:57,2021-05-17T19:51:18
532,532,2021-05-17T19:08:16,2021-05-17T19:09:54
379,363,2021-05-17T19:13:29,2021-05-17T19:41:46
359,911,2021-05-17T19:29:05,2021-05-17T19:37:18
359,533,2021-05-17T19:37:02,2021-05-17T19:44:09
532,532,2021-05-17T19:37:55,2021-05-17T20:06:13
363,379,2021-05-17T19:44:49,2021-05-17T19:49:23
47,466,2021-05-17T19:53:46,2021-05-17T20:00:04
532,462,2021-05-17T20:19:01,2021-05-17T20:21:33
532,532,2021-05-17T20:19:28,2021-05-17T20:19:40
462,466,2021-05-17T20:40:06,2021-05-17T20:42:05
360,359,2021-05-17T20:45:41,2021-05-17T20:46:41
363,47,2021-05-17T20:45:48,2021-05-17T20:47:11
47,47,2021-05-17T21:07:40,2021-05-17T21:47:56
378,379,2021-05-17T21:28:29,2021-05-17T21:45:15
47,47,2021-05-17T21:34:04,2021-05-17T22:14:14
532,462,2021-05-17T21:37:55,2021-05-17T21:40:53
359,379,2021-05-17T22:17:35,2021-05-17T22:23:47
359,363,2021-05-17T23:01:21,2021-05-17T23:20:58
359,378,2021-05-17T23:48:50,2021-05-17T23:50:40
378,379,2021-05-17T23:55:45,2021-05-17T23:57:54
359,378,2021-05-18T00:27:36,2021-05-18T00:30:37
462,462,2021-05-18T07:46:28,2021-05-18T08:05:48
466,466,2021-05-18T08:17:45,2021-05-18T08:32:47
378,967,2021-05-18T09:33:16,2021-05-18T09:41:16
359,532,2021-05-18T09:45:08,2021-05-18T09:52:18
359,359,2021-05-18T11:15:56,2021-05-18T11:29:42
359,532,2021-05-18T11:31:43,2021-05-18T11:50:40
360,360,2021-05-18T11:32:24,2021-05-18T11:33:08
533,532,2021-05-18T11:53:22,2021-05-18T13:20:02
363,359,2021-05-18T11:53:28,2021-05-18T13:03:29
466,466,2021-05-18T12:44:55,2021-05-18T13:06:13
360,911,2021-05-18T12:54:52,2021-05-18T12:59:47
359,47,2021-05-18T13:09:22,2021-05-18T14:13:29
359,47,2021-05-18T13:20:15,2021-05-18T13:30:54
379,363,2021-05-18T13:23:15,2021-05-18T13:28:49
363,47,2021-05-18T13:36:09,2021-05-18T13:38:07
359,359,2021-05-18T13:39:22,2021-05-18T13:39:50
359,47,2021-05-18T13:57:21,2021-05-18T14:00:54
379,532,2021-05-18T13:59:28,2021-05-18T14:10:35
47,363,2021-05-18T14:14:42,2021-05-18T14:22:44
533,359,2021-05-18T14:20:25,2021-05-18T14:28:40
359,47,2021-05-18T14:22:31,2021-05-18T14:25:26
533,532,2021-05-18T14:37:16,2021-05-18T14:39:36
364,47,2021-05-18T14:43:34,2021-05-18T14:47:35
378,47,2021-05-18T14:45:23,2021-05-18T14:49:09
47,364,2021-05-18T14:51:04,2021-05-18T14:54:46
359,532,2021-05-18T14:55:48,2021-05-18T15:01:53
379,360,2021-05-18T15:12:26,2021-05-18T15:15:41
379,911,2021-05-18T15:35:36,2021-05-18T15:51:14
359,533,2021-05-18T15:36:24,2021-05-18T15:42:57
379,911,2021-05-18T15:36:34,2021-05-18T15:51:12
911,532,2021-05-18T15:50:42,2021-05-18T15:54:51
911,359,2021-05-18T15:50:48,2021-05-18T15:59:45
466,911,2021-05-18T16:08:46,2021-05-18T16:12:04
462,533,2021-05-18T16:16:11,2021-05-18T16:20:19
379,379,2021-05-18T16:22:27,2021-05-18T16:23:24
462,462,2021-05-18T16:28:22,2021-05-18T16:33:33
967,967,2021-05-18T16:30:59,2021-05-18T17:12:06
47,359,2021-05-18T16:46:56,2021-05-18T16:55:21
379,364,2021-05-18T16:52:07,2021-05-18T16:56:00
379,364,2021-05-18T16:52:18,2021-05-18T16:55:57
359,364,2021-05-18T16:55:37,2021-05-18T17:04:15
462,462,2021-05-18T17:03:05,2021-05-18T17:07:59
462,462,2021-05-18T17:08:20,2021-05-18T17:08:29
462,532,2021-05-18T17:10:03,2021-05-18T17:12:50
359,47,2021-05-18T17:20:50,2021-05-18T17:31:14
364,379,2021-05-18T17:20:53,2021-05-18T17:28:54
364,379,2021-05-18T17:20:54,2021-05-18T17:28:45
379,359,2021-05-18T17:30:09,2021-05-18T17:38:37
532,532,2021-05-18T17:33:48,2021-05-18T17:35:28
911,359,2021-05-18T17:37:49,2021-05-18T17:47:17
911,532,2021-05-18T17:40:00,2021-05-18T18:22:05
47,359,2021-05-18T17:41:59,2021-05-18T17:45:41
532,360,2021-05-18T17:48:38,2021-05-18T18:01:12
532,911,2021-05-18T17:48:42,2021-05-18T17:51:06
359,533,2021-05-18T17:51:00,2021-05-18T17:59:43
359,532,2021-05-18T17:51:16,2021-05-18T18:02:29
911,360,2021-05-18T17:52:54,2021-05-18T18:00:54
378,378,2021-05-18T18:04:41,2021-05-18T18:46:57
363,47,2021-05-18T18:05:53,2021-05-18T18:08:06
379,462,2021-05-18T18:07:53,2021-05-18T18:14:17
533,532,2021-05-18T18:09:52,2021-05-18T18:14:25
532,532,2021-05-18T18:11:36,2021-05-18T18:14:31
379,47,2021-05-18T18:15:31,2021-05-18T18:18:28
47,363,2021-05-18T18:16:22,2021-05-18T18:21:20
532,47,2021-05-18T18:22:54,2021-05-18T18:46:15
532,47,2021-05-18T18:27:11,2021-05-18T18:46:20
359,532,2021-05-18T18:35:04,2021-05-18T19:10:22
359,532,2021-05-18T18:36:06,2021-05-18T19:10:30
47,47,2021-05-18T18:36:56,2021-05-18T19:34:06
47,47,2021-05-18T18:38:22,2021-05-18T19:34:12
47,47,2021-05-18T18:39:35,2021-05-18T19:33:55
359,359,2021-05-18T18:46:37,2021-05-18T19:12:08
47,532,2021-05-18T18:48:39,2021-05-18T19:10:25
47,532,2021-05-18T18:54:55,2021-05-18T19:10:32
967,532,2021-05-18T19:09:33,2021-05-18T19:12:44
360,359,2021-05-18T19:17:01,2021-05-18T19:23:35
532,532,2021-05-18T19:18:43,2021-05-18T19:18:56
360,360,2021-05-18T19:50:36,2021-05-18T20:30:55
533,533,2021-05-18T19:50:43,2021-05-18T20:26:27
532,532,2021-05-18T20:02:44,2021-05-18T20:05:46
532,532,2021-05-18T20:11:59,2021-05-18T20:48:49
466,47,2021-05-18T20:17:28,2021-05-18T20:29:33
359,359,2021-05-18T20:19:33,2021-05-18T20:33:23
359,967,2021-05-18T20:22:03,2021-05-18T20:25:57
967,466,2021-05-18T20:23:33,2021-05-18T20:25:18
47,47,2021-05-18T20:24:21,2021-05-18T20:57:44
466,47,2021-05-18T20:26:36,2021-05-18T20:31:49
359,378,2021-05-18T20:29:00,2021-05-18T20:31:08
47,359,2021-05-18T20:34:24,2021-05-18T20:39:39
47,466,2021-05-18T20:40:31,2021-05-18T20:46:41
532,466,2021-05-18T20:42:39,2021-05-18T20:48:04
359,359,2021-05-18T20:44:15,2021-05-18T21:22:05
359,359,2021-05-18T20:50:02,2021-05-18T21:06:04
359,360,2021-05-18T20:56:25,2021-05-18T21:05:25
359,47,2021-05-18T21:00:39,2021-05-18T21:05:29
532,462,2021-05-18T21:10:42,2021-05-18T21:13:05
363,911,2021-05-18T21:15:43,2021-05-18T21:25:50
359,359,2021-05-18T21:19:55,2021-05-18T21:32:15
378,47,2021-05-18T21:39:13,2021-05-18T21:42:24
359,359,2021-05-18T21:47:41,2021-05-18T21:55:54
359,378,2021-05-18T22:10:28,2021-05-18T22:12:26
378,363,2021-05-18T22:49:09,2021-05-18T22:50:21
359,378,2021-05-19T00:27:22,2021-05-19T00:30:10
359,359,2021-05-19T01:21:01,2021-05-19T02:05:01
47,359,2021-05-19T02:18:22,2021-05-19T02:25:33
359,359,2021-05-19T02:45:14,2021-05-19T02:49:07
359,359,2021-05-19T02:55:32,2021-05-19T03:09:49
359,47,2021-05-19T03:24:41,2021-05-19T03:44:50
359,359,2021-05-19T06:09:23,2021-05-19T06:27:32
532,532,2021-05-19T07:05:16,2021-05-19T08:43:48
532,360,2021-05-19T08:07:42,2021-05-19T08:15:26
378,359,2021-05-19T08:35:49,2021-05-19T08:38:03
47,47,2021-05-19T08:55:16,2021-05-19T08:57:25
466,363,2021-05-19T09:15:31,2021-05-19T09:20:32
359,47,2021-05-19T10:47:08,2021-05-19T10:58:23
462,466,2021-05-19T11:09:03,2021-05-19T11:10:57
47,47,2021-05-19T11:14:16,2021-05-19T11:15:27
532,532,2021-05-19T11:39:08,2021-05-19T12:31:59
532,532,2021-05-19T11:39:16,2021-05-19T12:32:04
532,532,2021-05-19T11:39:37,2021-05-19T12:31:21
466,466,2021-05-19T11:41:51,2021-05-19T12:07:02
532,532,2021-05-19T12:04:18,2021-05-19T15:16:14
359,379,2021-05-19T12:09:16,2021-05-19T12:14:45
466,533,2021-05-19T12:09:36,2021-05-19T12:14:20
379,364,2021-05-19T12:13:27,2021-05-19T12:34:46
364,47,2021-05-19T12:13:34,2021-05-19T12:18:49
364,360,2021-05-19T12:22:26,2021-05-19T12:24:36
47,359,2021-05-19T12:31:08,2021-05-19T12:46:33
359,378,2021-05-19T12:47:15,2021-05-19T12:49:03
378,378,2021-05-19T12:50:07,2021-05-19T12:50:24
533,359,2021-05-19T12:56:16,2021-05-19T13:03:02
466,466,2021-05-19T12:58:21,2021-05-19T13:04:50
466,466,2021-05-19T13:00:40,2021-05-19T13:21:30
359,363,2021-05-19T13:12:59,2021-05-19T13:16:54
532,378,2021-05-19T13:17:27,2021-05-19T13:28:19
532,532,2021-05-19T13:23:22,2021-05-19T13:47:16
47,47,2021-05-19T13:26:53,2021-05-19T13:37:47
364,47,2021-05-19T13:28:29,2021-05-19T13:33:34
532,532,2021-05-19T13:36:06,2021-05-19T14:15:33
911,911,2021-05-19T13:42:36,2021-05-19T13:42:46
378,359,2021-05-19T13:44:29,2021-05-19T13:46:59
359,47,2021-05-19T13:55:07,2021-05-19T14:05:31
359,533,2021-05-19T13:56:29,2021-05-19T14:13:55
363,47,2021-05-19T14:09:45,2021-05-19T14:54:44
359,359,2021-05-19T14:13:46,2021-05-19T14:42:31
532,359,2021-05-19T14:14:23,2021-05-19T14:41:56
533,533,2021-05-19T14:32:46,2021-05-19T14:34:31
379,359,2021-05-19T15:00:34,2021-05-19T15:04:37
379,359,2021-05-19T15:08:40,2021-05-19T15:14:35
378,378,2021-05-19T15:29:37,2021-05-19T15:50:07
47,47,2021-05-19T15:33:44,2021-05-19T15:34:31
359,967,2021-05-19T15:37:13,2021-05-19T16:20:25
533,533,2021-05-19T15:45:47,2021-05-19T15:47:48
533,533,2021-05-19T15:51:49,2021-05-19T16:18:17
533,533,2021-05-19T15:52:35,2021-05-19T16:18:02
47,359,2021-05-19T15:54:43,2021-05-19T15:59:44
532,47,2021-05-19T15:55:35,2021-05-19T16:10:01
532,47,2021-05-19T15:55:41,2021-05-19T16:09:55
911,532,2021-05-19T16:12:24,2021-05-19T16:19:13
911,532,2021-05-19T16:13:02,2021-05-19T16:19:06
47,378,2021-05-19T16:32:45,2021-05-19T16:36:35
359,363,2021-05-19T16:35:18,2021-05-19T16:39:55
378,378,2021-05-19T16:52:24,2021-05-19T17:31:28
379,466,2021-05-19T17:18:15,2021-05-19T17:23:58
378,378,2021-05-19T17:18:32,2021-05-19T17:38:36
462,462,2021-05-19T17:27:53,2021-05-19T17:28:08
47,532,2021-05-19T17:32:15,2021-05-19T17:45:54
378,532,2021-05-19T17:59:26,2021-05-19T18:23:27
378,359,2021-05-19T18:14:26,2021-05-19T18:18:26
363,47,2021-05-19T18:15:44,2021-05-19T18:17:12
532,532,2021-05-19T18:18:34,2021-05-19T18:18:52
532,532,2021-05-19T18:19:18,2021-05-19T18:49:45
532,532,2021-05-19T18:20:32,2021-05-19T19:50:26
364,364,2021-05-19T18:25:46,2021-05-19T19:11:52
359,532,2021-05-19T18:32:03,2021-05-19T19:00:20
532,466,2021-05-19T18:47:10,2021-05-19T18:52:57
359,359,2021-05-19T18:47:18,2021-05-19T18:47:51
532,532,2021-05-19T18:49:31,2021-05-19T18:50:28
466,466,2021-05-19T18:59:13,2021-05-19T19:29:02
466,466,2021-05-19T18:59:29,2021-05-19T19:29:15
466,532,2021-05-19T19:01:45,2021-05-19T19:05:07
360,532,2021-05-19T19:14:58,2021-05-19T19:19:30
364,364,2021-05-19T19:22:37,2021-05-19T19:43:12
364,364,2021-05-19T19:25:46,2021-05-19T19:42:47
47,47,2021-05-19T19:33:56,2021-05-19T19:38:14
532,532,2021-05-19T19:34:26,2021-05-19T20:41:47
532,532,2021-05-19T19:34:32,2021-05-19T20:42:11
47,466,2021-05-19T19:35:40,2021-05-19T19:41:53
47,533,2021-05-19T19:40:51,2021-05-19T19:52:17
532,532,2021-05-19T19:42:24,2021-05-19T20:26:17
532,532,2021-05-19T19:43:46,2021-05-19T20:00:14
532,532,2021-05-19T19:44:17,2021-05-19T20:00:47
462,462,2021-05-19T19:51:48,2021-05-19T20:04:30
911,533,2021-05-19T19:59:26,2021-05-19T21:23:44
911,533,2021-05-19T19:59:46,2021-05-19T21:23:44
532,359,2021-05-19T20:09:02,2021-05-19T20:35:25
532,359,2021-05-19T20:10:06,2021-05-19T20:35:30
360,378,2021-05-19T20:21:21,2021-05-19T20:25:19
359,967,2021-05-19T20:24:23,2021-05-19T20:39:03
360,360,2021-05-19T20:24:33,2021-05-19T20:24:58
532,532,2021-05-19T20:28:27,2021-05-19T21:03:07
532,363,2021-05-19T20:30:32,2021-05-19T20:41:37
967,364,2021-05-19T20:38:35,2021-05-19T21:12:05
967,364,2021-05-19T20:40:24,2021-05-19T21:12:17
911,462,2021-05-19T21:02:08,2021-05-19T21:14:43
364,363,2021-05-19T21:16:37,2021-05-19T21:18:47
359,378,2021-05-19T21:58:06,2021-05-19T22:00:21
359,47,2021-05-19T22:17:24,2021-05-19T22:49:59
363,363,2021-05-19T22:18:41,2021-05-19T22:46:55
364,379,2021-05-19T22:39:15,2021-05-19T22:41:08
363,359,2021-05-19T23:04:56,2021-05-19T23:53:03
359,378,2021-05-20T00:35:19,2021-05-20T00:38:06
462,462,2021-05-20T05:14:41,2021-05-20T05:33:38
378,363,2021-05-20T06:47:17,2021-05-20T06:48:50
364,359,2021-05-20T09:32:49,2021-05-20T09:36:30
364,359,2021-05-20T09:38:29,2021-05-20T09:41:19
47,379,2021-05-20T10:16:01,2021-05-20T10:19:41
47,379,2021-05-20T10:24:53,2021-05-20T10:28:59
466,462,2021-05-20T10:25:36,2021-05-20T10:28:16
359,363,2021-05-20T10:28:25,2021-05-20T10:32:55
359,378,2021-05-20T10:38:13,2021-05-20T10:40:57
532,532,2021-05-20T11:04:24,2021-05-20T13:08:01
532,532,2021-05-20T11:05:06,2021-05-20T13:08:12
379,47,2021-05-20T11:29:38,2021-05-20T11:32:10
359,532,2021-05-20T11:35:29,2021-05-20T11:41:45
359,364,2021-05-20T11:39:09,2021-05-20T11:42:07
364,47,2021-05-20T11:41:33,2021-05-20T11:47:32
359,359,2021-05-20T12:09:20,2021-05-20T12:53:11
364,359,2021-05-20T12:34:17,2021-05-20T12:36:35
359,967,2021-05-20T12:38:54,2021-05-20T12:45:22
378,466,2021-05-20T12:46:58,2021-05-20T12:52:22
359,378,2021-05-20T12:53:25,2021-05-20T12:58:39
47,47,2021-05-20T13:05:51,2021-05-20T13:32:18
47,47,2021-05-20T13:10:56,2021-05-20T13:22:13
47,363,2021-05-20T13:20:11,2021-05-20T13:40:09
359,359,2021-05-20T13:29:46,2021-05-20T13:43:22
532,532,2021-05-20T13:53:47,2021-05-20T14:37:32
532,532,2021-05-20T13:54:35,2021-05-20T14:37:14
378,967,2021-05-20T14:04:31,2021-05-20T14:15:51
378,359,2021-05-20T14:12:09,2021-05-20T14:15:54
378,359,2021-05-20T14:14:37,2021-05-20T14:18:10
359,47,2021-05-20T14:24:34,2021-05-20T14:31:35
379,359,2021-05-20T14:47:30,2021-05-20T15:06:59
379,359,2021-05-20T14:55:04,2021-05-20T15:01:47
364,359,2021-05-20T15:09:45,2021-05-20T15:14:20
363,47,2021-05-20T15:22:12,2021-05-20T15:23:43
359,47,2021-05-20T15:31:50,2021-05-20T15:39:24
967,967,2021-05-20T15:43:54,2021-05-20T15:47:08
359,911,2021-05-20T15:46:35,2021-05-20T15:51:50
359,363,2021-05-20T16:18:41,2021-05-20T16:26:16
466,466,2021-05-20T16:40:39,2021-05-20T16:41:54
532,532,2021-05-20T16:43:23,2021-05-20T17:04:22
364,379,2021-05-20T16:54:36,2021-05-20T17:49:43
462,532,2021-05-20T16:56:39,2021-05-20T16:59:55
359,359,2021-05-20T17:01:02,2021-05-20T17:01:25
364,359,2021-05-20T17:02:36,2021-05-20T17:05:18
532,532,2021-05-20T17:12:33,2021-05-20T18:28:57
378,378,2021-05-20T17:16:19,2021-05-20T17:58:03
532,532,2021-05-20T17:36:53,2021-05-20T19:40:20
532,532,2021-05-20T17:37:13,2021-05-20T19:40:21
378,533,2021-05-20T17:38:11,2021-05-20T17:45:42
378,533,2021-05-20T17:38:36,2021-05-20T17:45:44
379,363,2021-05-20T17:42:46,2021-05-20T18:08:22
378,378,2021-05-20T18:00:12,2021-05-20T18:56:12
378,378,2021-05-20T18:01:48,2021-05-20T18:55:52
466,47,2021-05-20T18:23:44,2021-05-20T18:59:58
967,363,2021-05-20T18:30:21,2021-05-20T18:51:17
378,378,2021-05-20T18:31:26,2021-05-20T18:31:39
359,359,2021-05-20T18:32:24,2021-05-20T19:09:46
378,378,2021-05-20T18:34:05,2021-05-20T18:47:58
359,378,2021-05-20T18:34:51,2021-05-20T18:36:50
967,532,2021-05-20T18:39:32,2021-05-20T18:41:58
466,911,2021-05-20T18:39:37,2021-05-20T18:45:06
967,359,2021-05-20T18:43:26,2021-05-20T18:50:44
379,360,2021-05-20T18:49:17,2021-05-20T18:54:33
379,360,2021-05-20T18:50:20,2021-05-20T18:54:24
379,911,2021-05-20T18:51:05,2021-05-20T19:03:57
360,360,2021-05-20T18:57:59,2021-05-20T19:35:26
532,359,2021-05-20T19:03:22,2021-05-20T19:12:48
532,359,2021-05-20T19:03:34,2021-05-20T19:12:44
911,911,2021-05-20T19:03:57,2021-05-20T19:11:34
360,533,2021-05-20T19:20:27,2021-05-20T19:45:51
379,379,2021-05-20T19:41:23,2021-05-20T20:21:16
359,359,2021-05-20T19:42:22,2021-05-20T20:02:08
359,378,2021-05-20T19:51:23,2021-05-20T19:54:43
378,378,2021-05-20T19:55:45,2021-05-20T20:37:07
359,363,2021-05-20T19:58:56,2021-05-20T22:22:41
47,47,2021-05-20T20:01:43,2021-05-20T20:02:52
359,462,2021-05-20T20:08:35,2021-05-20T20:53:47
47,466,2021-05-20T20:13:27,2021-05-20T20:18:35
47,47,2021-05-20T20:16:24,2021-05-20T20:23:48
462,532,2021-05-20T20:18:35,2021-05-20T20:30:12
379,379,2021-05-20T20:42:02,2021-05-20T20:56:47
379,967,2021-05-20T20:55:55,2021-05-20T21:31:12
462,359,2021-05-20T20:56:28,2021-05-20T21:26:37
462,462,2021-05-20T21:17:39,2021-05-20T21:28:38
364,363,2021-05-20T21:29:47,2021-05-20T21:34:03
967,363,2021-05-20T21:32:22,2021-05-20T21:53:30
364,363,2021-05-20T21:39:44,2021-05-20T21:42:19
359,378,2021-05-20T22:15:24,2021-05-20T22:17:48
359,359,2021-05-20T22:27:30,2021-05-20T22:56:23
359,378,2021-05-20T22:54:56,2021-05-20T22:57:40
378,359,2021-05-20T23:01:54,2021-05-20T23:15:28
359,378,2021-05-20T23:26:36,2021-05-20T23:29:46
378,359,2021-05-20T23:39:47,2021-05-20T23:43:43
359,359,2021-05-21T00:05:56,2021-05-21T00:26:45
359,378,2021-05-21T00:27:30,2021-05-21T00:30:47
363,359,2021-05-21T00:51:12,2021-05-21T01:01:06
359,363,2021-05-21T01:26:57,2021-05-21T01:42:32
532,532,2021-05-21T07:26:27,2021-05-21T08:01:39
359,359,2021-05-21T07:50:05,2021-05-21T08:06:00
967,462,2021-05-21T07:50:17,2021-05-21T07:57:07
466,466,2021-05-21T08:08:48,2021-05-21T08:27:45
967,967,2021-05-21T08:13:53,2021-05-21T08:32:26
967,967,2021-05-21T08:31:13,2021-05-21T08:34:04
378,532,2021-05-21T08:42:10,2021-05-21T08:49:52
364,359,2021-05-21T09:53:40,2021-05-21T09:57:34
359,378,2021-05-21T09:57:43,2021-05-21T10:00:32
359,533,2021-05-21T10:42:50,2021-05-21T11:04:11
532,364,2021-05-21T10:45:17,2021-05-21T10:52:38
47,364,2021-05-21T11:12:16,2021-05-21T11:17:42
359,359,2021-05-21T11:23:27,2021-05-21T11:37:58
533,47,2021-05-21T11:56:34,2021-05-21T12:09:11
359,359,2021-05-21T12:21:47,2021-05-21T13:04:07
466,532,2021-05-21T12:27:14,2021-05-21T12:32:49
378,967,2021-05-21T12:39:39,2021-05-21T12:45:21
47,532,2021-05-21T12:45:20,2021-05-21T13:03:38
47,532,2021-05-21T12:45:27,2021-05-21T13:03:43
359,359,2021-05-21T12:54:49,2021-05-21T13:11:19
359,533,2021-05-21T13:02:24,2021-05-21T13:11:20
359,533,2021-05-21T13:02:38,2021-05-21T13:11:19
47,359,2021-05-21T13:51:46,2021-05-21T13:58:14
47,359,2021-05-21T14:00:43,2021-05-21T14:07:53
466,466,2021-05-21T14:54:52,2021-05-21T16:15:37
379,360,2021-05-21T15:01:20,2021-05-21T15:09:01
47,47,2021-05-21T15:39:14,2021-05-21T15:41:06
47,47,2021-05-21T15:41:35,2021-05-21T15:43:00
47,47,2021-05-21T15:41:47,2021-05-21T15:43:05
47,462,2021-05-21T15:43:54,2021-05-21T16:01:45
360,911,2021-05-21T16:01:13,2021-05-21T16:07:08
359,533,2021-05-21T16:50:15,2021-05-21T16:55:40
360,533,2021-05-21T16:55:06,2021-05-21T17:03:40
462,462,2021-05-21T17:07:17,2021-05-21T17:08:35
363,533,2021-05-21T17:22:48,2021-05-21T17:37:52
47,47,2021-05-21T17:23:54,2021-05-21T17:24:03
466,466,2021-05-21T17:24:18,2021-05-21T17:52:04
47,47,2021-05-21T17:26:22,2021-05-21T17:27:02
47,462,2021-05-21T17:26:55,2021-05-21T17:34:06
967,378,2021-05-21T17:43:04,2021-05-21T18:17:52
359,364,2021-05-21T17:46:33,2021-05-21T17:48:49
533,532,2021-05-21T17:47:39,2021-05-21T18:54:47
533,533,2021-05-21T17:47:39,2021-05-21T18:56:48
359,533,2021-05-21T17:51:05,2021-05-21T17:56:56
47,379,2021-05-21T17:52:35,2021-05-21T18:21:26
967,911,2021-05-21T17:54:59,2021-05-21T18:36:40
359,911,2021-05-21T17:57:05,2021-05-21T18:03:27
359,911,2021-05-21T17:57:17,2021-05-21T18:03:38
360,533,2021-05-21T17:59:41,2021-05-21T18:04:23
47,47,2021-05-21T18:00:18,2021-05-21T18:00:30
532,466,2021-05-21T18:06:12,2021-05-21T18:11:59
532,532,2021-05-21T18:06:27,2021-05-21T18:08:47
364,533,2021-05-21T18:07:14,2021-05-21T18:19:41
359,47,2021-05-21T18:22:44,2021-05-21T18:31:08
359,47,2021-05-21T18:23:21,2021-05-21T18:31:04
359,462,2021-05-21T18:29:25,2021-05-21T18:32:51
47,359,2021-05-21T18:32:50,2021-05-21T18:41:00
363,47,2021-05-21T18:32:59,2021-05-21T18:35:15
359,359,2021-05-21T18:47:12,2021-05-21T18:47:43
359,47,2021-05-21T18:53:07,2021-05-21T19:00:39
533,359,2021-05-21T18:59:37,2021-05-21T19:06:27
532,911,2021-05-21T19:10:17,2021-05-21T19:14:39
47,47,2021-05-21T19:21:47,2021-05-21T19:22:11
364,532,2021-05-21T19:32:22,2021-05-21T19:40:38
359,533,2021-05-21T19:33:14,2021-05-21T19:49:19
533,533,2021-05-21T19:39:44,2021-05-21T20:18:32
47,378,2021-05-21T19:42:46,2021-05-21T19:50:34
359,359,2021-05-21T19:48:00,2021-05-21T19:49:29
532,532,2021-05-21T19:49:22,2021-05-21T21:02:34
532,532,2021-05-21T19:49:32,2021-05-21T21:02:20
359,532,2021-05-21T19:56:19,2021-05-21T20:10:44
359,532,2021-05-21T19:56:39,2021-05-21T20:10:33
379,532,2021-05-21T19:58:03,2021-05-21T20:31:26
379,532,2021-05-21T19:58:07,2021-05-21T20:31:24
359,532,2021-05-21T20:06:31,2021-05-21T20:11:32
466,466,2021-05-21T20:10:34,2021-05-21T20:22:01
359,533,2021-05-21T20:18:39,2021-05-21T20:23:54
360,379,2021-05-21T20:28:27,2021-05-21T20:31:38
967,462,2021-05-21T20:32:53,2021-05-21T21:02:56
967,462,2021-05-21T20:32:57,2021-05-21T21:02:48
967,967,2021-05-21T20:46:10,2021-05-21T21:06:10
360,462,2021-05-21T20:46:32,2021-05-21T21:09:56
364,363,2021-05-21T20:55:57,2021-05-21T20:59:14
533,967,2021-05-21T21:07:31,2021-05-21T21:14:54
533,967,2021-05-21T21:21:56,2021-05-21T21:28:20
47,466,2021-05-21T21:34:46,2021-05-21T21:39:50
359,378,2021-05-21T21:40:20,2021-05-21T21:42:53
47,462,2021-05-21T21:53:06,2021-05-21T21:58:13
363,359,2021-05-21T21:53:16,2021-05-21T21:56:00
47,462,2021-05-21T21:53:35,2021-05-21T21:58:45
363,363,2021-05-21T22:08:29,2021-05-21T22:22:30
967,359,2021-05-21T22:43:38,2021-05-21T22:49:32
379,360,2021-05-22T00:28:08,2021-05-22T00:30:46
378,378,2021-05-22T05:12:41,2021-05-22T05:14:53
532,533,2021-05-22T07:26:48,2021-05-22T08:03:47
532,533,2021-05-22T07:27:25,2021-05-22T08:03:50
363,359,2021-05-22T08:02:32,2021-05-22T08:08:03
359,363,2021-05-22T08:50:40,2021-05-22T08:54:07
379,533,2021-05-22T08:52:50,2021-05-22T09:02:05
533,533,2021-05-22T09:16:16,2021-05-22T09:17:11
359,363,2021-05-22T09:17:36,2021-05-22T09:21:01
359,363,2021-05-22T09:17:48,2021-05-22T09:20:57
379,47,2021-05-22T09:19:23,2021-05-22T09:21:48
360,364,2021-05-22T09:41:23,2021-05-22T09:45:26
364,360,2021-05-22T09:46:51,2021-05-22T10:21:24
911,533,2021-05-22T10:07:45,2021-05-22T10:09:41
359,364,2021-05-22T10:13:27,2021-05-22T10:16:09
911,967,2021-05-22T10:13:33,2021-05-22T10:18:49
967,532,2021-05-22T10:19:41,2021-05-22T10:24:24
360,360,2021-05-22T10:30:42,2021-05-22T11:00:46
363,359,2021-05-22T10:32:26,2021-05-22T10:35:57
359,911,2021-05-22T10:47:16,2021-05-22T10:55:50
462,359,2021-05-22T10:48:42,2021-05-22T11:03:20
364,378,2021-05-22T10:50:15,2021-05-22T11:21:02
379,967,2021-05-22T11:12:27,2021-05-22T11:39:47
532,359,2021-05-22T11:26:42,2021-05-22T11:31:28
967,967,2021-05-22T11:32:57,2021-05-22T12:24:03
47,47,2021-05-22T11:44:20,2021-05-22T11:51:39
359,532,2021-05-22T11:50:34,2021-05-22T11:57:01
359,359,2021-05-22T12:04:18,2021-05-22T12:10:25
359,359,2021-05-22T12:04:18,2021-05-22T12:10:24
364,379,2021-05-22T12:18:03,2021-05-22T12:22:02
359,363,2021-05-22T12:27:57,2021-05-22T12:30:22
466,466,2021-05-22T12:29:20,2021-05-22T12:30:01
359,532,2021-05-22T12:29:48,2021-05-22T12:45:29
47,47,2021-05-22T12:32:32,2021-05-22T12:32:35
363,363,2021-05-22T12:32:49,2021-05-22T12:33:16
359,379,2021-05-22T13:04:05,2021-05-22T14:08:16
359,379,2021-05-22T13:04:19,2021-05-22T14:08:17
911,360,2021-05-22T13:16:59,2021-05-22T13:29:27
379,359,2021-05-22T13:21:57,2021-05-22T13:26:31
47,47,2021-05-22T13:40:37,2021-05-22T13:41:03
363,363,2021-05-22T14:03:51,2021-05-22T14:37:29
462,532,2021-05-22T14:09:40,2021-05-22T14:19:02
532,532,2021-05-22T15:00:26,2021-05-22T15:00:44
533,533,2021-05-22T15:21:19,2021-05-22T15:21:30
359,359,2021-05-22T15:30:28,2021-05-22T15:32:05
359,47,2021-05-22T15:34:33,2021-05-22T15:43:17
359,532,2021-05-22T15:37:02,2021-05-22T15:48:09
359,378,2021-05-22T15:43:41,2021-05-22T15:47:34
364,359,2021-05-22T15:45:20,2021-05-22T15:50:05
378,533,2021-05-22T15:59:03,2021-05-22T16:05:42
359,359,2021-05-22T16:02:07,2021-05-22T16:14:45
462,911,2021-05-22T16:17:20,2021-05-22T16:22:11
911,532,2021-05-22T16:28:53,2021-05-22T16:32:23
532,532,2021-05-22T16:29:59,2021-05-22T17:27:00
532,532,2021-05-22T16:30:13,2021-05-22T17:31:41
47,359,2021-05-22T16:51:02,2021-05-22T16:59:07
967,967,2021-05-22T17:04:08,2021-05-22T17:06:50
967,967,2021-05-22T17:05:21,2021-05-22T17:06:56
363,47,2021-05-22T17:09:23,2021-05-22T17:11:13
379,379,2021-05-22T17:09:47,2021-05-22T17:31:31
359,532,2021-05-22T17:10:22,2021-05-22T17:20:12
466,466,2021-05-22T17:13:38,2021-05-22T17:13:55
532,532,2021-05-22T17:18:18,2021-05-22T17:32:36
532,532,2021-05-22T17:29:12,2021-05-22T17:57:51
378,378,2021-05-22T17:31:13,2021-05-22T18:11:52
359,359,2021-05-22T17:35:29,2021-05-22T17:45:30
359,47,2021-05-22T17:36:02,2021-05-22T17:43:07
47,47,2021-05-22T17:39:26,2021-05-22T17:49:57
47,47,2021-05-22T17:39:30,2021-05-22T17:42:27
47,47,2021-05-22T17:40:07,2021-05-22T17:47:42
911,359,2021-05-22T17:42:25,2021-05-22T17:54:25
532,532,2021-05-22T17:50:10,2021-05-22T18:09:17
379,47,2021-05-22T17:50:43,2021-05-22T17:55:08
532,532,2021-05-22T17:50:50,2021-05-22T18:09:33
532,532,2021-05-22T17:51:02,2021-05-22T18:09:33
532,532,2021-05-22T17:51:17,2021-05-22T18:09:36
532,533,2021-05-22T18:00:41,2021-05-22T18:28:09
359,359,2021-05-22T18:03:08,2021-05-22T18:30:08
378,378,2021-05-22T18:12:12,2021-05-22T18:23:09
378,533,2021-05-22T18:30:53,2021-05-22T18:38:47
360,360,2021-05-22T18:37:54,2021-05-22T18:39:07
359,47,2021-05-22T18:58:33,2021-05-22T19:03:39
532,532,2021-05-22T19:00:52,2021-05-22T19:01:06
533,533,2021-05-22T19:35:39,2021-05-22T20:13:38
360,462,2021-05-22T19:41:30,2021-05-22T19:47:46
47,47,2021-05-22T19:41:57,2021-05-22T19:58:00
360,462,2021-05-22T19:42:26,2021-05-22T19:47:45
532,532,2021-05-22T19:43:27,2021-05-22T20:14:45
359,462,2021-05-22T19:58:02,2021-05-22T20:03:15
47,379,2021-05-22T19:58:26,2021-05-22T20:50:52
47,47,2021-05-22T20:03:06,2021-05-22T20:13:45
47,47,2021-05-22T20:13:35,2021-05-22T20:25:17
359,47,2021-05-22T20:25:23,2021-05-22T20:46:17
359,47,2021-05-22T20:27:10,2021-05-22T20:34:50
47,47,2021-05-22T20:39:06,2021-05-22T20:40:35
47,462,2021-05-22T20:39:35,2021-05-22T20:54:56
47,462,2021-05-22T20:39:56,2021-05-22T20:54:54
47,462,2021-05-22T20:39:57,2021-05-22T20:54:52
364,359,2021-05-22T20:42:36,2021-05-22T20:47:43
360,363,2021-05-22T20:50:55,2021-05-22T20:56:04
378,967,2021-05-22T20:52:50,2021-05-22T21:00:56
967,359,2021-05-22T20:55:29,2021-05-22T21:02:02
378,911,2021-05-22T21:24:31,2021-05-22T21:29:39
359,378,2021-05-22T21:33:38,2021-05-22T21:35:51
967,911,2021-05-22T22:12:34,2021-05-22T22:21:27
359,378,2021-05-22T22:21:45,2021-05-22T22:23:32
378,359,2021-05-22T22:31:28,2021-05-22T22:35:39
47,47,2021-05-22T23:02:29,2021-05-22T23:11:38
359,359,2021-05-22T23:05:00,2021-05-22T23:12:07
378,378,2021-05-23T01:50:04,2021-05-23T01:51:29
378,378,2021-05-23T02:28:24,2021-05-23T02:30:14
967,967,2021-05-23T05:18:20,2021-05-23T06:00:39
47,378,2021-05-23T05:40:53,2021-05-23T05:45:51
47,47,2021-05-23T07:07:33,2021-05-23T07:14:51
47,363,2021-05-23T09:02:54,2021-05-23T09:38:03
359,363,2021-05-23T09:53:20,2021-05-23T09:56:05
462,532,2021-05-23T10:18:42,2021-05-23T10:22:05
47,359,2021-05-23T10:34:06,2021-05-23T10:40:38
466,466,2021-05-23T10:35:47,2021-05-23T11:05:58
363,47,2021-05-23T10:37:52,2021-05-23T10:39:37
379,359,2021-05-23T10:54:46,2021-05-23T10:59:21
379,360,2021-05-23T11:20:29,2021-05-23T11:26:09
359,533,2021-05-23T12:00:19,2021-05-23T12:07:47
364,360,2021-05-23T12:10:37,2021-05-23T12:30:42
532,47,2021-05-23T12:21:53,2021-05-23T12:32:11
533,533,2021-05-23T12:25:34,2021-05-23T12:26:23
532,359,2021-05-23T12:33:01,2021-05-23T12:49:47
359,533,2021-05-23T12:34:33,2021-05-23T12:40:21
364,364,2021-05-23T12:49:14,2021-05-23T12:54:12
363,363,2021-05-23T12:58:22,2021-05-23T13:05:53
379,379,2021-05-23T12:58:55,2021-05-23T13:30:13
379,359,2021-05-23T13:06:02,2021-05-23T13:12:25
47,47,2021-05-23T13:07:05,2021-05-23T13:11:15
379,378,2021-05-23T13:12:46,2021-05-23T13:33:28
378,47,2021-05-23T13:17:50,2021-05-23T13:20:24
47,47,2021-05-23T13:21:37,2021-05-23T13:22:47
359,363,2021-05-23T13:39:06,2021-05-23T13:42:22
378,967,2021-05-23T13:40:18,2021-05-23T13:43:51
462,532,2021-05-23T13:50:18,2021-05-23T15:43:05
533,533,2021-05-23T13:58:07,2021-05-23T13:59:27
379,359,2021-05-23T14:07:13,2021-05-23T14:11:46
532,532,2021-05-23T14:12:04,2021-05-23T15:50:49
532,532,2021-05-23T14:24:48,2021-05-23T14:24:57
359,47,2021-05-23T14:26:28,2021-05-23T14:32:35
359,359,2021-05-23T14:27:52,2021-05-23T14:28:33
47,47,2021-05-23T14:32:03,2021-05-23T14:35:30
359,47,2021-05-23T14:32:39,2021-05-23T14:44:48
359,47,2021-05-23T14:32:47,2021-05-23T14:44:51
532,462,2021-05-23T14:33:31,2021-05-23T14:37:38
363,47,2021-05-23T14:34:53,2021-05-23T14:36:50
360,360,2021-05-23T14:56:04,2021-05-23T15:31:59
47,967,2021-05-23T14:57:42,2021-05-23T15:30:07
359,363,2021-05-23T15:17:12,2021-05-23T15:20:32
364,359,2021-05-23T15:19:41,2021-05-23T15:24:22
379,532,2021-05-23T15:25:14,2021-05-23T15:55:42
378,47,2021-05-23T15:47:12,2021-05-23T15:50:07
47,47,2021-05-23T15:55:04,2021-05-23T15:55:46
359,363,2021-05-23T16:00:08,2021-05-23T16:02:42
533,359,2021-05-23T16:05:06,2021-05-23T16:14:47
360,360,2021-05-23T16:06:55,2021-05-23T16:07:20
911,462,2021-05-23T16:11:11,2021-05-23T16:15:45
359,533,2021-05-23T16:12:26,2021-05-23T16:19:14
360,533,2021-05-23T16:12:51,2021-05-23T16:18:29
532,532,2021-05-23T16:20:46,2021-05-23T16:21:12
378,378,2021-05-23T16:35:16,2021-05-23T16:35:28
466,466,2021-05-23T16:38:14,2021-05-23T17:26:54
359,363,2021-05-23T16:41:09,2021-05-23T16:43:52
359,359,2021-05-23T16:44:34,2021-05-23T19:07:14
379,379,2021-05-23T16:47:10,2021-05-23T18:02:33
532,364,2021-05-23T16:49:33,2021-05-23T17:03:04
359,364,2021-05-23T16:53:12,2021-05-23T17:09:28
359,533,2021-05-23T17:04:44,2021-05-23T17:10:59
532,532,2021-05-23T17:05:42,2021-05-23T17:38:52
532,532,2021-05-23T17:05:55,2021-05-23T17:38:51
47,47,2021-05-23T17:12:04,2021-05-23T17:12:09
363,378,2021-05-23T17:24:32,2021-05-23T18:08:06
47,532,2021-05-23T17:25:01,2021-05-23T18:03:37
462,462,2021-05-23T17:40:13,2021-05-23T17:55:52
532,359,2021-05-23T17:42:15,2021-05-23T17:52:45
532,967,2021-05-23T17:42:45,2021-05-23T17:46:54
47,378,2021-05-23T18:16:42,2021-05-23T18:19:54
532,47,2021-05-23T18:20:16,2021-05-23T18:54:11
533,533,2021-05-23T18:21:23,2021-05-23T18:23:07
533,533,2021-05-23T18:22:46,2021-05-23T18:23:06
359,532,2021-05-23T18:29:16,2021-05-23T18:37:31
47,532,2021-05-23T18:29:45,2021-05-23T18:39:58
533,532,2021-05-23T18:47:19,2021-05-23T19:22:46
360,379,2021-05-23T19:16:44,2021-05-23T20:06:52
47,47,2021-05-23T19:23:02,2021-05-23T19:28:41
360,532,2021-05-23T19:27:45,2021-05-23T19:54:16
360,532,2021-05-23T19:28:56,2021-05-23T19:55:16
532,532,2021-05-23T19:32:40,2021-05-23T19:33:19
359,359,2021-05-23T19:33:07,2021-05-23T19:44:05
363,47,2021-05-23T19:51:32,2021-05-23T19:53:24
363,47,2021-05-23T19:51:38,2021-05-23T19:53:25
462,462,2021-05-23T19:52:53,2021-05-23T20:21:37
462,462,2021-05-23T19:53:15,2021-05-23T20:21:27
379,363,2021-05-23T20:07:46,2021-05-23T20:14:11
359,359,2021-05-23T20:09:56,2021-05-23T20:33:11
47,466,2021-05-23T20:10:59,2021-05-23T20:16:24
378,533,2021-05-23T20:13:56,2021-05-23T20:18:41
47,47,2021-05-23T20:14:39,2021-05-23T21:23:50
532,379,2021-05-23T20:17:28,2021-05-23T20:45:19
532,379,2021-05-23T20:17:53,2021-05-23T20:44:59
359,363,2021-05-23T20:24:21,2021-05-23T20:27:11
363,364,2021-05-23T20:47:21,2021-05-23T20:49:32
359,359,2021-05-23T20:48:52,2021-05-23T21:06:35
532,532,2021-05-23T20:52:54,2021-05-23T21:13:25
379,379,2021-05-23T21:04:06,2021-05-23T21:38:35
47,47,2021-05-23T21:04:34,2021-05-23T22:05:18
359,359,2021-05-23T21:07:31,2021-05-23T21:19:12
47,47,2021-05-23T21:12:47,2021-05-23T22:05:09
47,47,2021-05-23T21:14:03,2021-05-23T22:05:45
359,359,2021-05-23T21:23:48,2021-05-23T21:35:03
47,47,2021-05-23T21:42:28,2021-05-23T21:46:46
359,378,2021-05-23T22:03:00,2021-05-23T22:05:14
359,359,2021-05-23T22:23:45,2021-05-23T22:35:15
378,378,2021-05-24T01:33:37,2021-05-24T02:01:37
363,363,2021-05-24T02:17:22,2021-05-24T02:35:21
47,378,2021-05-24T02:52:19,2021-05-24T03:12:17
379,359,2021-05-24T08:47:50,2021-05-24T08:51:54
532,532,2021-05-24T09:08:45,2021-05-24T10:17:33
532,532,2021-05-24T09:09:01,2021-05-24T10:17:44
532,532,2021-05-24T09:09:19,2021-05-24T10:17:39
378,47,2021-05-24T10:38:19,2021-05-24T10:41:06
532,967,2021-05-24T10:41:32,2021-05-24T11:10:20
359,533,2021-05-24T10:45:58,2021-05-24T10:54:09
911,360,2021-05-24T10:51:19,2021-05-24T11:16:18
532,532,2021-05-24T10:59:33,2021-05-24T11:38:15
379,379,2021-05-24T11:01:43,2021-05-24T11:01:51
360,532,2021-05-24T11:33:12,2021-05-24T14:05:03
47,47,2021-05-24T11:41:29,2021-05-24T11:43:52
462,462,2021-05-24T11:49:20,2021-05-24T14:39:02
359,533,2021-05-24T11:50:32,2021-05-24T11:57:39
47,47,2021-05-24T11:53:56,2021-05-24T11:55:37
379,462,2021-05-24T11:54:32,2021-05-24T12:04:34
532,532,2021-05-24T12:13:10,2021-05-24T12:21:09
379,532,2021-05-24T12:30:59,2021-05-24T12:50:43
378,378,2021-05-24T12:37:48,2021-05-24T12:38:36
378,967,2021-05-24T12:49:19,2021-05-24T12:54:50
378,462,2021-05-24T12:54:13,2021-05-24T13:03:49
532,532,2021-05-24T12:57:26,2021-05-24T12:57:51
363,532,2021-05-24T13:04:10,2021-05-24T13:20:46
359,533,2021-05-24T13:12:03,2021-05-24T13:27:36
532,532,2021-05-24T13:15:07,2021-05-24T13:17:15
533,532,2021-05-24T13:49:33,2021-05-24T14:53:41
532,47,2021-05-24T13:50:50,2021-05-24T14:02:31
533,532,2021-05-24T13:50:54,2021-05-24T14:54:07
47,533,2021-05-24T13:51:06,2021-05-24T14:06:38
363,359,2021-05-24T13:51:23,2021-05-24T14:21:46
533,532,2021-05-24T13:51:29,2021-05-24T14:53:49
359,911,2021-05-24T13:57:53,2021-05-24T14:03:22
379,462,2021-05-24T13:58:27,2021-05-24T14:06:14
379,462,2021-05-24T13:58:31,2021-05-24T14:06:22
364,359,2021-05-24T14:01:46,2021-05-24T14:04:01
379,378,2021-05-24T14:06:00,2021-05-24T14:11:37
359,533,2021-05-24T14:08:03,2021-05-24T14:15:39
359,533,2021-05-24T14:08:43,2021-05-24T14:15:44
533,533,2021-05-24T14:11:17,2021-05-24T14:32:20
967,47,2021-05-24T14:13:34,2021-05-24T14:30:08
532,911,2021-05-24T14:27:00,2021-05-24T16:11:59
47,47,2021-05-24T14:29:50,2021-05-24T14:34:30
532,532,2021-05-24T14:31:44,2021-05-24T16:10:04
532,532,2021-05-24T14:33:17,2021-05-24T15:05:03
378,533,2021-05-24T14:35:45,2021-05-24T14:42:39
532,532,2021-05-24T14:38:10,2021-05-24T16:12:55
359,533,2021-05-24T14:53:27,2021-05-24T15:00:15
462,532,2021-05-24T15:03:04,2021-05-24T15:06:49
532,532,2021-05-24T15:16:51,2021-05-24T15:27:04
47,47,2021-05-24T15:23:32,2021-05-24T15:29:47
532,379,2021-05-24T15:24:16,2021-05-24T15:41:13
532,967,2021-05-24T15:27:11,2021-05-24T15:42:04
359,533,2021-05-24T15:28:14,2021-05-24T15:32:43
378,378,2021-05-24T15:34:26,2021-05-24T16:16:12
378,359,2021-05-24T15:36:20,2021-05-24T15:39:48
378,359,2021-05-24T15:36:39,2021-05-24T15:39:55
378,47,2021-05-24T15:41:30,2021-05-24T15:48:57
378,533,2021-05-24T15:43:50,2021-05-24T15:53:38
378,533,2021-05-24T15:44:32,2021-05-24T15:53:47
379,378,2021-05-24T15:53:23,2021-05-24T15:56:12
379,47,2021-05-24T16:12:02,2021-05-24T16:16:07
359,532,2021-05-24T16:29:31,2021-05-24T16:36:21
363,533,2021-05-24T16:32:49,2021-05-24T16:48:14
359,533,2021-05-24T16:33:43,2021-05-24T16:39:49
532,466,2021-05-24T16:34:06,2021-05-24T16:40:05
532,532,2021-05-24T16:40:03,2021-05-24T16:41:00
360,911,2021-05-24T16:42:38,2021-05-24T16:48:29
378,466,2021-05-24T16:44:08,2021-05-24T16:50:25
364,364,2021-05-24T16:48:01,2021-05-24T17:12:00
363,359,2021-05-24T16:48:08,2021-05-24T16:50:50
379,379,2021-05-24T16:52:54,2021-05-24T16:55:23
363,359,2021-05-24T16:53:24,2021-05-24T17:00:42
363,378,2021-05-24T17:06:04,2021-05-24T18:38:12
378,359,2021-05-24T17:08:05,2021-05-24T17:17:12
532,532,2021-05-24T17:19:35,2021-05-24T17:47:42
47,359,2021-05-24T17:22:01,2021-05-24T17:33:18
47,359,2021-05-24T17:22:12,2021-05-24T17:35:57
47,359,2021-05-24T17:30:40,2021-05-24T17:36:47
532,532,2021-05-24T17:34:33,2021-05-24T18:13:08
967,359,2021-05-24T17:35:43,2021-05-24T17:44:20
359,378,2021-05-24T17:36:37,2021-05-24T17:42:55
359,532,2021-05-24T17:36:51,2021-05-24T18:27:23
359,532,2021-05-24T17:38:05,2021-05-24T18:27:21
532,532,2021-05-24T17:58:28,2021-05-24T17:58:56
533,911,2021-05-24T18:02:24,2021-05-24T19:51:21
359,462,2021-05-24T18:09:35,2021-05-24T18:14:36
911,359,2021-05-24T18:10:57,2021-05-24T18:20:36
359,359,2021-05-24T18:45:52,2021-05-24T19:08:22
967,359,2021-05-24T19:05:29,2021-05-24T19:09:43
532,466,2021-05-24T19:16:40,2021-05-24T19:21:01
532,466,2021-05-24T19:17:07,2021-05-24T19:21:00
532,533,2021-05-24T19:21:24,2021-05-24T20:13:30
532,533,2021-05-24T19:21:36,2021-05-24T20:13:27
532,533,2021-05-24T19:21:50,2021-05-24T20:13:35
359,47,2021-05-24T19:22:10,2021-05-24T19:27:46
359,47,2021-05-24T19:23:01,2021-05-24T19:27:48
47,359,2021-05-24T19:32:58,2021-05-24T19:40:25
363,359,2021-05-24T19:42:08,2021-05-24T19:46:56
363,47,2021-05-24T19:45:18,2021-05-24T20:16:00
359,359,2021-05-24T19:46:36,2021-05-24T20:21:32
532,967,2021-05-24T19:46:50,2021-05-24T20:15:21
378,378,2021-05-24T20:14:13,2021-05-24T20:49:30
359,363,2021-05-24T20:26:05,2021-05-24T20:43:38
359,363,2021-05-24T20:26:10,2021-05-24T20:43:43
47,47,2021-05-24T20:29:09,2021-05-24T21:06:11
911,911,2021-05-24T20:29:48,2021-05-24T21:12:06
47,462,2021-05-24T20:40:52,2021-05-24T20:58:42
533,911,2021-05-24T20:48:28,2021-05-24T20:50:18
363,363,2021-05-24T20:58:10,2021-05-24T21:30:58
532,532,2021-05-24T21:04:36,2021-05-24T21:06:40
379,359,2021-05-24T21:06:21,2021-05-24T21:11:40
532,532,2021-05-24T21:15:35,2021-05-24T21:19:26
47,363,2021-05-24T21:15:44,2021-05-24T22:01:12
911,359,2021-05-24T21:18:02,2021-05-24T21:37:52
533,359,2021-05-24T21:24:18,2021-05-24T21:33:40
359,911,2021-05-24T21:31:01,2021-05-24T21:34:21
363,911,2021-05-24T21:32:27,2021-05-24T21:46:47
363,47,2021-05-24T21:50:48,2021-05-24T22:19:39
359,378,2021-05-24T21:53:39,2021-05-24T21:56:25
466,359,2021-05-24T22:01:01,2021-05-24T22:13:02
47,363,2021-05-24T22:20:52,2021-05-24T22:57:38
359,359,2021-05-24T22:56:22,2021-05-24T22:56:47
363,363,2021-05-24T22:59:34,2021-05-24T23:36:05
363,47,2021-05-24T23:39:05,2021-05-25T00:01:18
462,462,2021-05-24T23:51:13,2021-05-24T23:51:25
47,363,2021-05-25T00:11:42,2021-05-25T00:15:03
466,466,2021-05-25T06:49:50,2021-05-25T06:50:21
359,911,2021-05-25T06:57:43,2021-05-25T07:04:07
378,378,2021-05-25T07:43:59,2021-05-25T07:44:41
967,359,2021-05-25T07:57:39,2021-05-25T08:02:34
462,532,2021-05-25T08:11:00,2021-05-25T09:08:59
47,378,2021-05-25T08:57:00,2021-05-25T09:02:17
378,47,2021-05-25T09:06:19,2021-05-25T09:09:56
47,359,2021-05-25T09:51:19,2021-05-25T10:02:27
379,378,2021-05-25T09:54:07,2021-05-25T09:56:59
363,47,2021-05-25T10:06:12,2021-05-25T10:07:39
359,533,2021-05-25T10:35:57,2021-05-25T10:44:13
359,533,2021-05-25T10:50:24,2021-05-25T11:02:40
364,359,2021-05-25T11:06:55,2021-05-25T11:09:36
911,360,2021-05-25T11:11:50,2021-05-25T11:20:18
379,364,2021-05-25T11:34:01,2021-05-25T11:36:28
466,462,2021-05-25T11:59:56,2021-05-25T12:01:52
462,466,2021-05-25T12:04:41,2021-05-25T12:56:58
360,379,2021-05-25T12:05:05,2021-05-25T12:08:24
379,359,2021-05-25T12:27:49,2021-05-25T12:36:42
359,359,2021-05-25T12:33:55,2021-05-25T12:34:26
967,967,2021-05-25T12:36:59,2021-05-25T13:06:32
359,47,2021-05-25T12:47:39,2021-05-25T12:55:18
378,967,2021-05-25T12:47:49,2021-05-25T12:51:15
360,911,2021-05-25T12:54:33,2021-05-25T13:00:05
378,533,2021-05-25T13:12:39,2021-05-25T13:20:11
359,359,2021-05-25T13:20:24,2021-05-25T13:22:29
359,363,2021-05-25T13:54:20,2021-05-25T13:58:29
359,378,2021-05-25T14:13:36,2021-05-25T14:18:25
379,359,2021-05-25T14:15:59,2021-05-25T14:19:51
378,363,2021-05-25T14:22:17,2021-05-25T14:23:54
533,533,2021-05-25T14:24:17,2021-05-25T14:25:09
532,47,2021-05-25T14:26:44,2021-05-25T14:41:10
532,360,2021-05-25T14:43:47,2021-05-25T14:55:50
47,47,2021-05-25T14:55:25,2021-05-25T14:58:23
363,359,2021-05-25T15:03:12,2021-05-25T15:07:49
911,911,2021-05-25T15:42:45,2021-05-25T15:43:27
47,47,2021-05-25T15:52:19,2021-05-25T15:52:52
363,533,2021-05-25T15:55:43,2021-05-25T16:03:36
379,359,2021-05-25T16:00:31,2021-05-25T16:04:51
378,466,2021-05-25T16:21:27,2021-05-25T16:26:31
462,532,2021-05-25T16:29:38,2021-05-25T16:33:02
532,532,2021-05-25T16:32:21,2021-05-25T16:34:02
532,911,2021-05-25T16:37:51,2021-05-25T17:11:24
532,911,2021-05-25T16:37:56,2021-05-25T17:11:20
363,359,2021-05-25T16:44:51,2021-05-25T16:56:07
364,47,2021-05-25T16:46:13,2021-05-25T16:52:17
47,532,2021-05-25T16:50:26,2021-05-25T17:03:05
967,363,2021-05-25T16:52:48,2021-05-25T17:06:29
378,378,2021-05-25T16:56:18,2021-05-25T17:41:19
359,359,2021-05-25T16:59:01,2021-05-25T17:18:04
967,533,2021-05-25T17:09:43,2021-05-25T17:13:27
364,359,2021-05-25T17:12:13,2021-05-25T17:15:48
47,466,2021-05-25T17:20:56,2021-05-25T17:28:29
359,533,2021-05-25T17:28:33,2021-05-25T17:34:39
462,462,2021-05-25T17:34:45,2021-05-25T19:07:24
359,466,2021-05-25T17:36:42,2021-05-25T17:42:38
462,532,2021-05-25T17:36:59,2021-05-25T17:39:43
359,47,2021-05-25T17:45:58,2021-05-25T17:55:45
359,533,2021-05-25T17:55:07,2021-05-25T18:00:24
532,466,2021-05-25T17:58:07,2021-05-25T18:04:01
359,359,2021-05-25T18:06:15,2021-05-25T18:15:57
466,359,2021-05-25T18:11:56,2021-05-25T18:26:28
363,47,2021-05-25T18:16:49,2021-05-25T18:19:15
47,47,2021-05-25T18:23:47,2021-05-25T19:16:06
532,532,2021-05-25T18:35:08,2021-05-25T20:03:28
532,532,2021-05-25T18:37:52,2021-05-25T19:28:03
532,532,2021-05-25T18:38:01,2021-05-25T19:26:22
359,466,2021-05-25T18:47:28,2021-05-25T19:44:48
359,47,2021-05-25T19:16:01,2021-05-25T19:27:50
47,47,2021-05-25T19:25:44,2021-05-25T19:58:29
363,363,2021-05-25T19:29:38,2021-05-25T19:43:15
363,363,2021-05-25T19:45:07,2021-05-25T19:46:43
532,359,2021-05-25T19:45:56,2021-05-25T20:11:24
360,967,2021-05-25T19:54:50,2021-05-25T20:30:55
378,363,2021-05-25T20:01:22,2021-05-25T20:03:08
363,378,2021-05-25T20:04:32,2021-05-25T20:07:38
364,359,2021-05-25T20:04:58,2021-05-25T20:08:15
364,359,2021-05-25T20:12:11,2021-05-25T20:15:27
359,364,2021-05-25T20:19:10,2021-05-25T20:22:18
47,47,2021-05-25T20:24:15,2021-05-25T20:56:48
532,967,2021-05-25T20:25:58,2021-05-25T20:28:34
378,363,2021-05-25T20:26:44,2021-05-25T20:28:11
359,364,2021-05-25T20:29:08,2021-05-25T20:32:54
967,359,2021-05-25T20:29:15,2021-05-25T20:32:36
533,533,2021-05-25T20:33:31,2021-05-25T20:36:56
462,359,2021-05-25T20:37:33,2021-05-25T20:43:09
379,359,2021-05-25T20:38:22,2021-05-25T20:42:53
359,967,2021-05-25T20:41:47,2021-05-25T20:45:07
379,379,2021-05-25T20:48:47,2021-05-25T21:18:20
967,967,2021-05-25T20:53:25,2021-05-25T21:37:27
363,47,2021-05-25T20:57:51,2021-05-25T20:59:03
967,967,2021-05-25T20:58:39,2021-05-25T21:38:20
967,967,2021-05-25T20:58:41,2021-05-25T21:37:35
967,967,2021-05-25T20:58:50,2021-05-25T21:38:05
967,967,2021-05-25T21:01:49,2021-05-25T21:38:15
47,363,2021-05-25T21:04:38,2021-05-25T21:22:37
364,359,2021-05-25T21:05:03,2021-05-25T21:09:03
359,967,2021-05-25T21:10:22,2021-05-25T21:13:40
462,462,2021-05-25T21:11:08,2021-05-25T21:19:46
360,359,2021-05-25T21:26:07,2021-05-25T21:29:03
359,47,2021-05-25T21:29:56,2021-05-25T21:35:32
359,363,2021-05-25T21:39:45,2021-05-25T21:56:25
359,378,2021-05-25T21:59:52,2021-05-25T22:02:02
378,363,2021-05-25T22:25:30,2021-05-25T22:28:40
363,363,2021-05-25T22:41:55,2021-05-25T22:43:46
379,379,2021-05-25T22:56:27,2021-05-25T22:57:12
379,379,2021-05-25T23:13:34,2021-05-25T23:14:47
364,360,2021-05-25T23:30:23,2021-05-25T23:32:55
359,378,2021-05-26T00:27:32,2021-05-26T00:30:50
378,359,2021-05-26T00:40:14,2021-05-26T00:43:08
363,363,2021-05-26T07:58:18,2021-05-26T07:58:39
363,911,2021-05-26T08:00:02,2021-05-26T08:09:38
378,47,2021-05-26T08:50:06,2021-05-26T08:53:30
911,911,2021-05-26T09:01:29,2021-05-26T09:03:08
466,363,2021-05-26T09:27:59,2021-05-26T09:33:01
47,359,2021-05-26T09:33:18,2021-05-26T09:39:36
911,532,2021-05-26T09:55:44,2021-05-26T09:57:53
379,359,2021-05-26T10:23:26,2021-05-26T10:26:54
47,379,2021-05-26T11:11:22,2021-05-26T11:16:44
359,359,2021-05-26T11:46:51,2021-05-26T11:59:14
359,532,2021-05-26T12:02:57,2021-05-26T12:11:46
359,911,2021-05-26T12:12:04,2021-05-26T12:17:00
359,47,2021-05-26T12:23:43,2021-05-26T12:31:39
379,359,2021-05-26T12:25:09,2021-05-26T12:51:11
532,466,2021-05-26T12:41:16,2021-05-26T12:46:07
462,532,2021-05-26T12:47:03,2021-05-26T12:49:30
533,911,2021-05-26T12:48:59,2021-05-26T12:50:59
911,360,2021-05-26T13:06:20,2021-05-26T13:13:50
360,379,2021-05-26T13:14:24,2021-05-26T13:17:07
359,532,2021-05-26T13:15:51,2021-05-26T13:21:11
364,359,2021-05-26T13:39:14,2021-05-26T13:42:09
359,466,2021-05-26T13:47:40,2021-05-26T13:55:04
360,532,2021-05-26T14:34:12,2021-05-26T14:39:51
363,359,2021-05-26T14:38:44,2021-05-26T14:42:57
47,359,2021-05-26T14:40:02,2021-05-26T14:46:48
359,533,2021-05-26T14:57:15,2021-05-26T15:03:19
379,378,2021-05-26T15:05:41,2021-05-26T15:10:27
47,533,2021-05-26T15:14:47,2021-05-26T16:00:16
47,533,2021-05-26T15:18:09,2021-05-26T15:33:43
466,911,2021-05-26T16:29:15,2021-05-26T16:34:01
466,466,2021-05-26T16:29:18,2021-05-26T17:20:53
466,533,2021-05-26T16:30:34,2021-05-26T17:06:55
359,359,2021-05-26T16:42:06,2021-05-26T16:44:42
532,532,2021-05-26T16:46:11,2021-05-26T17:04:32
466,466,2021-05-26T16:46:12,2021-05-26T17:09:13
466,466,2021-05-26T16:48:34,2021-05-26T16:58:47
911,533,2021-05-26T16:49:46,2021-05-26T16:52:44
359,47,2021-05-26T16:52:55,2021-05-26T16:57:48
363,378,2021-05-26T17:00:41,2021-05-26T17:07:28
533,533,2021-05-26T17:09:05,2021-05-26T17:47:00
532,532,2021-05-26T17:11:41,2021-05-26T17:32:46
532,532,2021-05-26T17:12:10,2021-05-26T17:32:47
378,47,2021-05-26T17:40:54,2021-05-26T17:43:48
532,359,2021-05-26T17:43:20,2021-05-26T18:01:49
532,359,2021-05-26T17:44:35,2021-05-26T18:01:57
47,378,2021-05-26T17:48:55,2021-05-26T17:53:41
359,364,2021-05-26T17:50:53,2021-05-26T17:55:23
378,378,2021-05-26T17:54:57,2021-05-26T17:55:37
363,466,2021-05-26T18:02:24,2021-05-26T18:05:58
911,533,2021-05-26T18:05:53,2021-05-26T18:33:52
359,363,2021-05-26T18:26:22,2021-05-26T18:30:58
359,378,2021-05-26T18:31:27,2021-05-26T19:46:12
363,363,2021-05-26T19:04:11,2021-05-26T19:04:31
359,533,2021-05-26T19:12:16,2021-05-26T19:19:12
359,533,2021-05-26T19:12:53,2021-05-26T19:19:22
378,378,2021-05-26T19:14:04,2021-05-26T19:16:02
532,47,2021-05-26T19:22:21,2021-05-26T19:35:25
466,466,2021-05-26T19:29:56,2021-05-26T19:59:30
466,466,2021-05-26T19:31:59,2021-05-26T19:59:15
363,363,2021-05-26T19:37:24,2021-05-26T19:39:06
379,379,2021-05-26T19:37:53,2021-05-26T19:44:13
359,359,2021-05-26T19:45:39,2021-05-26T20:00:21
378,378,2021-05-26T19:46:03,2021-05-26T19:56:43
378,47,2021-05-26T19:55:08,2021-05-26T20:03:43
378,378,2021-05-26T19:58:45,2021-05-26T20:42:16
911,466,2021-05-26T20:02:58,2021-05-26T20:06:11
466,466,2021-05-26T20:15:01,2021-05-26T20:47:15
378,47,2021-05-26T20:21:08,2021-05-26T20:35:40
532,532,2021-05-26T20:23:18,2021-05-26T21:06:08
47,47,2021-05-26T20:36:46,2021-05-26T20:37:02
47,466,2021-05-26T20:43:58,2021-05-26T20:49:49
359,378,2021-05-26T20:54:11,2021-05-26T20:56:19
359,359,2021-05-26T20:55:30,2021-05-26T21:49:50
378,378,2021-05-26T21:03:24,2021-05-26T21:26:52
378,378,2021-05-26T21:03:55,2021-05-26T21:27:00
378,378,2021-05-26T21:05:55,2021-05-26T21:27:35
378,378,2021-05-26T21:06:21,2021-05-26T21:27:02
532,359,2021-05-26T21:08:55,2021-05-26T21:15:43
967,363,2021-05-26T21:23:19,2021-05-26T21:33:10
364,359,2021-05-26T21:35:12,2021-05-26T21:40:21
363,359,2021-05-26T21:46:09,2021-05-26T22:21:46
360,364,2021-05-26T21:46:31,2021-05-26T21:50:20
359,378,2021-05-26T21:51:13,2021-05-26T21:52:48
360,363,2021-05-26T22:07:29,2021-05-26T22:10:34
47,378,2021-05-26T22:17:05,2021-05-26T22:20:19
364,359,2021-05-26T22:48:41,2021-05-26T22:53:08
47,378,2021-05-26T23:23:22,2021-05-26T23:28:53
359,378,2021-05-27T00:27:16,2021-05-27T00:30:13
359,364,2021-05-27T06:13:37,2021-05-27T06:16:40
533,47,2021-05-27T06:57:56,2021-05-27T07:04:46
911,911,2021-05-27T09:09:10,2021-05-27T10:05:18
359,359,2021-05-27T09:14:23,2021-05-27T09:19:47
359,47,2021-05-27T09:32:06,2021-05-27T09:45:53
379,379,2021-05-27T09:46:03,2021-05-27T10:01:07
359,378,2021-05-27T10:39:46,2021-05-27T10:42:26
47,462,2021-05-27T10:43:21,2021-05-27T10:49:30
379,47,2021-05-27T11:03:36,2021-05-27T11:05:49
360,359,2021-05-27T11:15:22,2021-05-27T11:20:21
360,360,2021-05-27T11:22:08,2021-05-27T11:29:40
378,360,2021-05-27T11:24:30,2021-05-27T11:29:53
359,532,2021-05-27T11:33:22,2021-05-27T11:39:24
532,532,2021-05-27T11:56:33,2021-05-27T12:13:27
359,378,2021-05-27T11:59:10,2021-05-27T12:01:18
359,359,2021-05-27T12:11:12,2021-05-27T12:53:30
47,359,2021-05-27T12:22:39,2021-05-27T12:27:21
359,359,2021-05-27T12:28:01,2021-05-27T12:57:28
911,360,2021-05-27T12:30:14,2021-05-27T12:37:10
532,462,2021-05-27T12:48:31,2021-05-27T13:04:20
364,379,2021-05-27T12:50:34,2021-05-27T13:09:33
378,967,2021-05-27T12:55:21,2021-05-27T12:58:11
359,532,2021-05-27T13:33:47,2021-05-27T13:39:21
532,967,2021-05-27T14:14:00,2021-05-27T14:18:42
359,911,2021-05-27T14:15:02,2021-05-27T14:25:20
532,379,2021-05-27T14:42:10,2021-05-27T14:58:33
363,533,2021-05-27T14:44:23,2021-05-27T14:53:43
532,967,2021-05-27T15:02:57,2021-05-27T15:20:45
364,364,2021-05-27T15:42:29,2021-05-27T15:45:49
360,911,2021-05-27T15:43:55,2021-05-27T15:49:43
359,379,2021-05-27T15:50:51,2021-05-27T15:57:55
532,47,2021-05-27T16:02:55,2021-05-27T16:25:01
359,363,2021-05-27T16:07:36,2021-05-27T16:10:01
359,532,2021-05-27T16:08:05,2021-05-27T16:18:49
378,533,2021-05-27T16:19:34,2021-05-27T16:27:18
47,967,2021-05-27T16:31:04,2021-05-27T16:44:54
359,533,2021-05-27T16:56:44,2021-05-27T17:01:37
359,911,2021-05-27T17:03:19,2021-05-27T17:11:40
378,378,2021-05-27T17:20:55,2021-05-27T17:58:02
462,47,2021-05-27T17:24:28,2021-05-27T17:32:08
359,363,2021-05-27T17:24:28,2021-05-27T17:26:27
466,462,2021-05-27T17:35:12,2021-05-27T17:38:05
359,533,2021-05-27T17:39:37,2021-05-27T17:45:53
379,533,2021-05-27T17:46:50,2021-05-27T17:56:55
532,359,2021-05-27T17:54:19,2021-05-27T18:03:50
363,533,2021-05-27T17:58:11,2021-05-27T18:04:09
47,533,2021-05-27T18:05:50,2021-05-27T18:35:00
47,533,2021-05-27T18:20:32,2021-05-27T18:35:36
47,533,2021-05-27T18:23:40,2021-05-27T18:32:58
360,47,2021-05-27T18:25:16,2021-05-27T18:31:10
47,364,2021-05-27T18:42:25,2021-05-27T18:46:48
533,533,2021-05-27T18:43:42,2021-05-27T19:20:34
359,359,2021-05-27T18:43:47,2021-05-27T18:44:27
47,47,2021-05-27T18:50:03,2021-05-27T18:50:27
359,363,2021-05-27T18:53:25,2021-05-27T18:56:29
466,466,2021-05-27T19:25:42,2021-05-27T19:40:51
466,466,2021-05-27T19:25:43,2021-05-27T19:40:56
363,363,2021-05-27T19:33:47,2021-05-27T19:43:59
47,47,2021-05-27T19:46:51,2021-05-27T19:50:15
47,466,2021-05-27T19:52:21,2021-05-27T19:59:16
359,359,2021-05-27T19:55:35,2021-05-27T20:03:55
47,47,2021-05-27T20:17:52,2021-05-27T20:42:44
364,364,2021-05-27T20:23:09,2021-05-27T20:23:33
359,359,2021-05-27T20:27:33,2021-05-27T20:29:41
378,378,2021-05-27T20:27:41,2021-05-27T20:48:22
532,532,2021-05-27T20:34:54,2021-05-27T21:14:05
364,378,2021-05-27T20:37:22,2021-05-27T20:38:54
532,532,2021-05-27T20:45:52,2021-05-27T20:55:00
379,47,2021-05-27T21:15:12,2021-05-27T21:22:22
47,359,2021-05-27T21:21:26,2021-05-27T21:26:12
379,47,2021-05-27T21:28:47,2021-05-27T22:05:30
359,359,2021-05-27T21:36:12,2021-05-27T21:40:22
359,378,2021-05-27T21:57:37,2021-05-27T21:59:40
359,363,2021-05-27T22:14:25,2021-05-27T22:17:41
363,359,2021-05-27T22:24:12,2021-05-27T22:27:15
379,379,2021-05-27T22:24:12,2021-05-27T22:24:16
359,363,2021-05-27T22:30:19,2021-05-27T22:33:32
47,47,2021-05-27T22:30:29,2021-05-27T22:32:22
378,363,2021-05-27T23:17:29,2021-05-27T23:25:39
359,359,2021-05-28T00:12:46,2021-05-28T00:19:13
359,359,2021-05-28T00:19:49,2021-05-28T00:51:18
359,378,2021-05-28T00:26:56,2021-05-28T00:29:24
359,359,2021-05-28T00:53:37,2021-05-28T01:06:39
378,378,2021-05-28T03:10:34,2021-05-28T03:11:11
47,363,2021-05-28T05:46:49,2021-05-28T05:57:01
363,363,2021-05-28T07:18:37,2021-05-28T08:54:26
364,359,2021-05-28T07:43:29,2021-05-28T07:46:33
967,967,2021-05-28T09:53:28,2021-05-28T09:53:42
360,379,2021-05-28T09:54:44,2021-05-28T09:57:41
911,47,2021-05-28T11:07:40,2021-05-28T11:22:45
359,47,2021-05-28T11:19:44,2021-05-28T11:25:04
359,359,2021-05-28T11:33:56,2021-05-28T12:02:13
363,47,2021-05-28T11:50:25,2021-05-28T12:19:10
359,363,2021-05-28T11:54:27,2021-05-28T11:58:00
359,462,2021-05-28T12:07:23,2021-05-28T12:11:09
359,359,2021-05-28T12:13:59,2021-05-28T12:14:06
911,359,2021-05-28T12:24:49,2021-05-28T12:40:16
359,533,2021-05-28T12:25:03,2021-05-28T12:31:03
359,359,2021-05-28T12:34:57,2021-05-28T12:35:43
533,359,2021-05-28T12:36:25,2021-05-28T12:42:11
532,378,2021-05-28T12:42:58,2021-05-28T12:53:52
364,359,2021-05-28T12:43:43,2021-05-28T12:47:01
359,533,2021-05-28T12:46:29,2021-05-28T12:51:38
363,47,2021-05-28T12:48:16,2021-05-28T12:50:35
378,967,2021-05-28T12:57:59,2021-05-28T13:01:31
47,911,2021-05-28T13:12:54,2021-05-28T13:23:42
911,360,2021-05-28T13:38:01,2021-05-28T13:45:25
47,911,2021-05-28T13:42:17,2021-05-28T13:54:15
359,532,2021-05-28T13:53:39,2021-05-28T14:03:01
378,466,2021-05-28T13:57:57,2021-05-28T14:05:09
379,47,2021-05-28T14:01:42,2021-05-28T14:07:16
466,967,2021-05-28T14:12:15,2021-05-28T14:19:34
364,47,2021-05-28T14:25:44,2021-05-28T14:30:54
363,378,2021-05-28T14:35:03,2021-05-28T14:36:12
363,378,2021-05-28T14:40:02,2021-05-28T14:41:25
359,533,2021-05-28T14:54:12,2021-05-28T14:59:03
47,47,2021-05-28T14:55:18,2021-05-28T15:18:41
359,533,2021-05-28T15:10:55,2021-05-28T15:17:04
47,47,2021-05-28T15:28:53,2021-05-28T15:28:58
533,533,2021-05-28T15:45:49,2021-05-28T16:08:10
359,462,2021-05-28T15:53:22,2021-05-28T15:58:07
47,359,2021-05-28T16:11:53,2021-05-28T16:18:43
967,359,2021-05-28T16:21:31,2021-05-28T16:25:11
379,359,2021-05-28T16:27:30,2021-05-28T16:32:12
47,359,2021-05-28T16:35:55,2021-05-28T16:42:26
359,47,2021-05-28T16:36:22,2021-05-28T16:41:39
378,359,2021-05-28T16:36:59,2021-05-28T16:38:43
359,378,2021-05-28T16:41:38,2021-05-28T16:44:01
363,533,2021-05-28T16:41:58,2021-05-28T16:49:00
359,359,2021-05-28T16:42:19,2021-05-28T17:06:30
359,359,2021-05-28T16:43:10,2021-05-28T17:06:18
363,378,2021-05-28T16:45:50,2021-05-28T17:25:39
466,466,2021-05-28T16:55:06,2021-05-28T16:55:31
532,532,2021-05-28T17:25:59,2021-05-28T18:24:28
378,378,2021-05-28T17:26:57,2021-05-28T18:00:01
359,378,2021-05-28T17:31:35,2021-05-28T17:33:52
359,533,2021-05-28T17:33:32,2021-05-28T17:39:58
359,533,2021-05-28T17:33:37,2021-05-28T17:40:10
47,466,2021-05-28T17:44:27,2021-05-28T17:50:10
47,47,2021-05-28T18:03:24,2021-05-28T18:12:41
363,363,2021-05-28T18:05:40,2021-05-28T18:06:41
533,911,2021-05-28T18:10:14,2021-05-28T18:20:33
359,466,2021-05-28T18:11:20,2021-05-28T18:16:18
360,379,2021-05-28T18:22:23,2021-05-28T18:26:54
359,360,2021-05-28T18:22:34,2021-05-28T18:28:54
911,533,2021-05-28T18:38:38,2021-05-28T18:41:22
363,47,2021-05-28T18:41:42,2021-05-28T18:43:33
359,911,2021-05-28T19:09:33,2021-05-28T19:15:36
532,532,2021-05-28T19:09:42,2021-05-28T19:52:07
532,532,2021-05-28T19:09:59,2021-05-28T19:52:26
533,967,2021-05-28T19:16:54,2021-05-28T19:26:07
47,47,2021-05-28T19:17:20,2021-05-28T19:17:34
967,967,2021-05-28T19:18:08,2021-05-28T19:19:14
378,363,2021-05-28T19:20:02,2021-05-28T19:22:13
379,378,2021-05-28T19:22:41,2021-05-28T19:26:28
379,378,2021-05-28T19:22:57,2021-05-28T19:26:36
359,360,2021-05-28T20:02:11,2021-05-28T20:35:02
359,47,2021-05-28T20:07:54,2021-05-28T20:17:50
359,47,2021-05-28T20:09:08,2021-05-28T20:17:48
47,47,2021-05-28T20:26:10,2021-05-28T20:26:13
359,462,2021-05-28T20:33:23,2021-05-28T20:37:04
359,533,2021-05-28T20:56:02,2021-05-28T21:25:21
363,363,2021-05-28T21:11:57,2021-05-28T21:26:09
47,533,2021-05-28T21:24:11,2021-05-28T21:36:39
359,359,2021-05-28T21:33:39,2021-05-28T21:38:30
359,359,2021-05-28T21:33:56,2021-05-28T22:13:41
359,378,2021-05-28T21:35:44,2021-05-28T21:38:10
359,378,2021-05-28T21:39:59,2021-05-28T21:43:10
359,911,2021-05-28T21:53:41,2021-05-28T22:00:53
359,378,2021-05-28T22:40:10,2021-05-28T22:45:26
378,47,2021-05-28T22:49:30,2021-05-28T23:12:37
47,364,2021-05-28T23:16:20,2021-05-28T23:23:08
533,359,2021-05-28T23:32:27,2021-05-29T00:02:58
378,378,2021-05-28T23:46:57,2021-05-29T00:02:46
911,911,2021-05-29T00:44:34,2021-05-29T00:45:55
359,911,2021-05-29T00:46:51,2021-05-29T00:52:13
379,364,2021-05-29T01:21:56,2021-05-29T01:23:26
466,47,2021-05-29T01:41:21,2021-05-29T01:54:22
378,378,2021-05-29T01:44:07,2021-05-29T01:56:09
378,378,2021-05-29T01:44:16,2021-05-29T01:56:19
378,378,2021-05-29T01:45:00,2021-05-29T01:56:08
359,533,2021-05-29T03:13:30,2021-05-29T03:17:07
532,359,2021-05-29T08:38:47,2021-05-29T08:49:32
466,363,2021-05-29T08:42:34,2021-05-29T08:53:58
363,533,2021-05-29T09:12:24,2021-05-29T09:27:05
911,359,2021-05-29T09:33:29,2021-05-29T09:39:50
363,911,2021-05-29T10:06:50,2021-05-29T10:19:17
363,911,2021-05-29T10:06:56,2021-05-29T10:19:06
911,359,2021-05-29T10:10:27,2021-05-29T10:19:28
359,359,2021-05-29T10:14:46,2021-05-29T10:15:15
363,359,2021-05-29T10:15:47,2021-05-29T10:19:13
532,532,2021-05-29T10:44:08,2021-05-29T11:42:09
532,532,2021-05-29T10:44:47,2021-05-29T11:42:36
359,911,2021-05-29T10:50:43,2021-05-29T10:57:06
967,911,2021-05-29T10:53:06,2021-05-29T10:57:48
379,462,2021-05-29T10:53:36,2021-05-29T11:07:07
47,378,2021-05-29T10:57:12,2021-05-29T11:04:02
359,533,2021-05-29T10:58:12,2021-05-29T11:02:50
378,533,2021-05-29T11:41:40,2021-05-29T11:50:42
378,533,2021-05-29T11:42:04,2021-05-29T11:50:38
359,47,2021-05-29T11:45:29,2021-05-29T11:52:03
378,911,2021-05-29T11:45:52,2021-05-29T12:23:23
364,359,2021-05-29T11:46:24,2021-05-29T11:49:21
47,532,2021-05-29T11:49:03,2021-05-29T12:48:09
47,359,2021-05-29T12:06:27,2021-05-29T12:11:46
359,462,2021-05-29T12:14:41,2021-05-29T12:19:24
359,533,2021-05-29T12:23:24,2021-05-29T12:29:32
359,47,2021-05-29T12:33:36,2021-05-29T12:39:00
359,533,2021-05-29T12:44:05,2021-05-29T12:50:18
532,378,2021-05-29T12:51:53,2021-05-29T13:06:33
532,378,2021-05-29T12:53:36,2021-05-29T13:06:33
47,911,2021-05-29T13:01:10,2021-05-29T13:10:22
466,967,2021-05-29T13:07:50,2021-05-29T13:15:24
466,967,2021-05-29T13:08:02,2021-05-29T13:15:27
533,967,2021-05-29T13:13:03,2021-05-29T13:17:05
47,47,2021-05-29T13:35:58,2021-05-29T13:52:29
532,532,2021-05-29T13:38:25,2021-05-29T13:53:45
378,363,2021-05-29T13:41:56,2021-05-29T13:44:42
360,379,2021-05-29T13:43:01,2021-05-29T13:47:55
462,532,2021-05-29T13:45:54,2021-05-29T15:39:58
462,532,2021-05-29T13:46:03,2021-05-29T15:40:50
359,379,2021-05-29T14:19:50,2021-05-29T14:24:48
359,363,2021-05-29T14:31:05,2021-05-29T14:53:00
532,532,2021-05-29T14:34:17,2021-05-29T15:38:02
532,532,2021-05-29T14:39:02,2021-05-29T15:38:15
911,359,2021-05-29T14:42:16,2021-05-29T14:52:59
359,379,2021-05-29T15:03:11,2021-05-29T15:09:52
47,359,2021-05-29T15:12:06,2021-05-29T15:16:56
967,532,2021-05-29T15:17:35,2021-05-29T15:22:35
360,533,2021-05-29T15:19:50,2021-05-29T15:29:43
363,378,2021-05-29T15:36:36,2021-05-29T15:59:17
379,359,2021-05-29T15:46:08,2021-05-29T15:51:19
359,379,2021-05-29T16:12:47,2021-05-29T16:17:16
533,532,2021-05-29T16:39:18,2021-05-29T21:10:19
533,532,2021-05-29T16:39:23,2021-05-29T21:10:37
364,47,2021-05-29T16:41:29,2021-05-29T16:49:17
359,533,2021-05-29T16:44:46,2021-05-29T16:50:29
378,378,2021-05-29T16:45:12,2021-05-29T17:13:27
363,359,2021-05-29T16:53:27,2021-05-29T16:58:23
379,47,2021-05-29T16:59:56,2021-05-29T17:04:29
532,532,2021-05-29T17:12:47,2021-05-29T17:28:23
359,532,2021-05-29T17:14:50,2021-05-29T17:21:42
532,363,2021-05-29T17:39:34,2021-05-29T17:58:35
532,363,2021-05-29T17:40:59,2021-05-29T17:58:40
360,967,2021-05-29T17:43:22,2021-05-29T17:47:07
378,378,2021-05-29T17:44:07,2021-05-29T17:47:16
379,379,2021-05-29T17:46:14,2021-05-29T18:00:03
47,466,2021-05-29T18:22:27,2021-05-29T18:28:35
378,359,2021-05-29T18:28:42,2021-05-29T18:30:37
360,360,2021-05-29T18:35:47,2021-05-29T18:44:07
47,47,2021-05-29T18:48:37,2021-05-29T18:51:07
363,47,2021-05-29T18:52:14,2021-05-29T19:12:45
466,462,2021-05-29T19:01:47,2021-05-29T19:04:24
359,533,2021-05-29T19:04:07,2021-05-29T19:08:24
363,967,2021-05-29T19:06:48,2021-05-29T19:28:30
47,47,2021-05-29T19:11:14,2021-05-29T19:15:07
47,47,2021-05-29T19:16:14,2021-05-29T19:17:43
363,466,2021-05-29T19:27:58,2021-05-29T19:33:02
359,359,2021-05-29T19:36:36,2021-05-29T19:46:25
359,533,2021-05-29T19:37:31,2021-05-29T19:43:46
359,359,2021-05-29T19:40:34,2021-05-29T19:40:51
364,47,2021-05-29T19:47:31,2021-05-29T19:51:01
359,359,2021-05-29T19:51:38,2021-05-29T19:51:52
359,359,2021-05-29T19:58:47,2021-05-29T19:59:01
359,359,2021-05-29T19:59:38,2021-05-29T20:00:30
359,359,2021-05-29T20:07:07,2021-05-29T20:07:56
359,359,2021-05-29T20:08:40,2021-05-29T20:13:45
533,533,2021-05-29T20:17:12,2021-05-29T20:17:48
378,359,2021-05-29T20:21:22,2021-05-29T20:46:11
378,359,2021-05-29T20:23:41,2021-05-29T20:46:02
967,359,2021-05-29T20:38:08,2021-05-29T21:26:19
359,359,2021-05-29T20:38:25,2021-05-29T20:38:45
532,47,2021-05-29T20:39:15,2021-05-29T20:56:00
359,364,2021-05-29T20:41:12,2021-05-29T20:45:02
379,364,2021-05-29T21:04:54,2021-05-29T21:06:03
532,359,2021-05-29T21:07:09,2021-05-29T21:15:10
532,532,2021-05-29T21:09:20,2021-05-29T21:15:28
532,532,2021-05-29T21:09:24,2021-05-29T21:12:52
462,359,2021-05-29T22:03:29,2021-05-29T22:09:09
359,378,2021-05-29T22:04:59,2021-05-29T22:06:58
378,359,2021-05-29T22:27:52,2021-05-29T22:30:50
359,379,2021-05-29T22:29:12,2021-05-29T22:34:52
359,359,2021-05-29T22:30:00,2021-05-29T22:55:17
379,462,2021-05-29T23:24:46,2021-05-29T23:32:41
379,462,2021-05-29T23:25:34,2021-05-29T23:32:57
378,359,2021-05-29T23:59:35,2021-05-30T00:07:40
363,47,2021-05-30T01:26:55,2021-05-30T01:41:22
47,532,2021-05-30T08:46:17,2021-05-30T09:03:33
359,47,2021-05-30T09:38:32,2021-05-30T09:45:47
47,533,2021-05-30T10:30:15,2021-05-30T10:38:25
379,359,2021-05-30T10:43:25,2021-05-30T10:48:56
379,359,2021-05-30T10:43:40,2021-05-30T10:49:40
360,533,2021-05-30T11:23:19,2021-05-30T11:27:24
363,967,2021-05-30T11:25:29,2021-05-30T11:37:19
379,364,2021-05-30T11:39:54,2021-05-30T11:41:59
379,360,2021-05-30T11:42:16,2021-05-30T11:45:03
359,359,2021-05-30T11:43:55,2021-05-30T11:45:30
359,359,2021-05-30T11:44:13,2021-05-30T11:45:24
532,532,2021-05-30T11:47:19,2021-05-30T12:25:11
532,532,2021-05-30T11:47:19,2021-05-30T12:24:39
532,532,2021-05-30T11:48:00,2021-05-30T12:24:12
911,462,2021-05-30T12:18:40,2021-05-30T12:25:31
462,462,2021-05-30T12:18:43,2021-05-30T12:44:45
462,462,2021-05-30T12:19:25,2021-05-30T12:58:00
363,47,2021-05-30T12:28:11,2021-05-30T12:29:28
359,378,2021-05-30T12:48:59,2021-05-30T12:50:43
363,363,2021-05-30T13:03:38,2021-05-30T13:04:27
378,378,2021-05-30T13:15:08,2021-05-30T13:59:56
359,533,2021-05-30T13:26:19,2021-05-30T13:31:30
359,533,2021-05-30T13:26:19,2021-05-30T13:31:37
379,359,2021-05-30T13:34:28,2021-05-30T13:41:37
532,466,2021-05-30T13:40:06,2021-05-30T13:47:27
359,359,2021-05-30T13:43:05,2021-05-30T13:43:44
359,47,2021-05-30T13:56:17,2021-05-30T14:01:19
359,47,2021-05-30T14:13:02,2021-05-30T14:21:58
359,47,2021-05-30T14:13:21,2021-05-30T14:21:57
378,967,2021-05-30T14:14:15,2021-05-30T14:21:02
532,532,2021-05-30T14:14:40,2021-05-30T14:20:02
363,47,2021-05-30T14:15:10,2021-05-30T14:35:25
378,359,2021-05-30T14:26:40,2021-05-30T14:30:38
359,363,2021-05-30T14:34:49,2021-05-30T14:37:57
378,533,2021-05-30T14:39:28,2021-05-30T14:45:25
379,47,2021-05-30T14:46:15,2021-05-30T15:20:58
532,532,2021-05-30T14:56:38,2021-05-30T14:57:43
378,378,2021-05-30T15:05:57,2021-05-30T16:19:47
47,47,2021-05-30T15:06:50,2021-05-30T15:18:08
533,360,2021-05-30T15:08:15,2021-05-30T15:17:26
359,47,2021-05-30T15:49:15,2021-05-30T15:53:25
967,967,2021-05-30T15:52:29,2021-05-30T15:53:13
363,47,2021-05-30T15:54:06,2021-05-30T15:55:55
47,359,2021-05-30T15:55:50,2021-05-30T16:03:21
359,533,2021-05-30T15:56:09,2021-05-30T16:01:13
379,379,2021-05-30T16:04:21,2021-05-30T16:05:35
359,379,2021-05-30T16:05:17,2021-05-30T16:11:29
967,967,2021-05-30T16:05:42,2021-05-30T16:15:15
47,359,2021-05-30T16:06:27,2021-05-30T16:12:11
359,378,2021-05-30T16:15:44,2021-05-30T16:20:01
466,466,2021-05-30T16:50:18,2021-05-30T16:58:02
466,466,2021-05-30T16:55:42,2021-05-30T17:33:13
462,532,2021-05-30T17:24:10,2021-05-30T17:26:53
378,359,2021-05-30T17:32:56,2021-05-30T17:35:52
466,466,2021-05-30T17:37:22,2021-05-30T18:00:01
379,466,2021-05-30T17:52:19,2021-05-30T18:00:52
462,378,2021-05-30T18:10:02,2021-05-30T18:14:50
363,364,2021-05-30T18:22:04,2021-05-30T18:27:07
364,363,2021-05-30T18:38:46,2021-05-30T18:41:12
466,466,2021-05-30T18:41:01,2021-05-30T18:55:30
359,359,2021-05-30T19:22:18,2021-05-30T19:38:11
378,532,2021-05-30T19:27:37,2021-05-30T19:34:48
47,47,2021-05-30T19:31:34,2021-05-30T19:46:30
359,532,2021-05-30T19:39:09,2021-05-30T19:43:58
363,532,2021-05-30T20:24:31,2021-05-30T20:33:29
379,379,2021-05-30T20:43:02,2021-05-30T20:50:52
359,363,2021-05-30T20:43:40,2021-05-30T20:48:05
359,911,2021-05-30T21:00:17,2021-05-30T21:09:20
379,359,2021-05-30T21:07:52,2021-05-30T21:16:05
379,47,2021-05-30T21:13:21,2021-05-30T21:17:30
462,462,2021-05-30T21:17:20,2021-05-30T21:50:00
462,462,2021-05-30T21:17:37,2021-05-30T21:50:12
363,364,2021-05-30T21:26:11,2021-05-30T21:29:06
359,378,2021-05-30T21:28:33,2021-05-30T21:31:14
363,359,2021-05-30T21:41:48,2021-05-30T21:59:35
364,359,2021-05-30T21:54:03,2021-05-30T21:59:33
359,533,2021-05-30T21:58:25,2021-05-30T22:04:33
47,47,2021-05-30T22:35:53,2021-05-30T23:22:02
47,359,2021-05-30T22:44:29,2021-05-30T22:54:02
466,466,2021-05-30T23:08:16,2021-05-30T23:40:32
466,466,2021-05-30T23:08:52,2021-05-30T23:40:44
378,363,2021-05-31T00:47:28,2021-05-31T01:40:46
378,363,2021-05-31T00:49:26,2021-05-31T01:40:40
379,379,2021-05-31T01:00:00,2021-05-31T02:01:58
363,378,2021-05-31T01:50:09,2021-05-31T02:28:46
379,360,2021-05-31T01:54:42,2021-05-31T01:57:10
363,378,2021-05-31T02:28:30,2021-05-31T02:29:47
363,462,2021-05-31T06:14:26,2021-05-31T06:18:48
378,911,2021-05-31T06:15:20,2021-05-31T06:23:08
378,378,2021-05-31T08:10:24,2021-05-31T08:46:21
360,360,2021-05-31T08:53:41,2021-05-31T09:06:38
359,533,2021-05-31T09:28:11,2021-05-31T09:33:11
532,359,2021-05-31T09:37:48,2021-05-31T09:43:28
379,359,2021-05-31T09:52:31,2021-05-31T09:56:44
533,364,2021-05-31T10:48:00,2021-05-31T10:58:28
364,47,2021-05-31T10:58:54,2021-05-31T11:02:19
462,462,2021-05-31T12:10:46,2021-05-31T12:11:08
379,359,2021-05-31T12:12:27,2021-05-31T12:18:24
967,363,2021-05-31T12:12:40,2021-05-31T12:32:38
359,359,2021-05-31T12:25:32,2021-05-31T12:38:28
911,360,2021-05-31T12:54:35,2021-05-31T13:02:04
379,379,2021-05-31T12:56:44,2021-05-31T12:56:47
359,533,2021-05-31T13:36:32,2021-05-31T13:46:00
359,533,2021-05-31T13:36:34,2021-05-31T13:46:37
378,967,2021-05-31T13:56:39,2021-05-31T14:00:45
967,462,2021-05-31T14:00:56,2021-05-31T14:07:16
462,462,2021-05-31T14:03:03,2021-05-31T14:23:17
359,378,2021-05-31T14:52:05,2021-05-31T14:54:43
359,363,2021-05-31T14:55:46,2021-05-31T15:03:30
47,359,2021-05-31T15:04:03,2021-05-31T15:09:29
359,47,2021-05-31T15:20:20,2021-05-31T15:29:01
359,364,2021-05-31T15:31:11,2021-05-31T15:33:57
364,359,2021-05-31T15:43:51,2021-05-31T15:47:16
532,911,2021-05-31T15:45:14,2021-05-31T15:50:56
360,359,2021-05-31T16:15:21,2021-05-31T16:17:00
47,359,2021-05-31T16:25:08,2021-05-31T16:36:03
359,378,2021-05-31T16:34:00,2021-05-31T16:36:14
47,47,2021-05-31T16:36:20,2021-05-31T16:36:23
379,462,2021-05-31T16:38:21,2021-05-31T16:44:25
378,967,2021-05-31T16:49:49,2021-05-31T16:57:09
378,363,2021-05-31T16:49:50,2021-05-31T16:52:22
462,532,2021-05-31T16:53:06,2021-05-31T16:56:19
532,47,2021-05-31T16:56:00,2021-05-31T17:09:35
967,967,2021-05-31T17:00:33,2021-05-31T17:00:38
378,466,2021-05-31T17:01:26,2021-05-31T17:20:28
378,378,2021-05-31T17:11:48,2021-05-31T17:56:00
967,533,2021-05-31T17:21:44,2021-05-31T17:27:24
911,359,2021-05-31T17:28:20,2021-05-31T17:38:00
532,359,2021-05-31T17:29:50,2021-05-31T17:38:37
359,532,2021-05-31T17:30:49,2021-05-31T17:37:45
359,359,2021-05-31T17:33:40,2021-05-31T18:23:37
466,911,2021-05-31T17:39:06,2021-05-31T17:41:54
359,911,2021-05-31T17:54:21,2021-05-31T18:02:09
360,363,2021-05-31T18:12:52,2021-05-31T18:20:08
378,378,2021-05-31T18:27:59,2021-05-31T19:29:16
378,378,2021-05-31T18:30:23,2021-05-31T19:29:16
378,378,2021-05-31T18:31:32,2021-05-31T19:29:17
532,532,2021-05-31T18:41:03,2021-05-31T19:31:30
360,360,2021-05-31T18:48:12,2021-05-31T19:12:01
379,911,2021-05-31T18:56:51,2021-05-31T19:12:59
379,911,2021-05-31T18:57:36,2021-05-31T19:12:48
359,532,2021-05-31T19:01:00,2021-05-31T19:09:17
364,359,2021-05-31T19:05:29,2021-05-31T20:02:26
378,378,2021-05-31T19:05:41,2021-05-31T19:46:25
364,359,2021-05-31T19:10:21,2021-05-31T20:02:30
532,532,2021-05-31T19:20:07,2021-05-31T20:07:30
532,532,2021-05-31T19:26:21,2021-05-31T20:07:28
911,466,2021-05-31T19:36:09,2021-05-31T19:39:26
47,359,2021-05-31T19:37:26,2021-05-31T19:44:08
47,466,2021-05-31T19:37:37,2021-05-31T19:44:44
378,967,2021-05-31T19:47:15,2021-05-31T19:52:20
378,967,2021-05-31T19:47:32,2021-05-31T19:52:16
47,378,2021-05-31T19:52:25,2021-05-31T20:00:16
47,378,2021-05-31T19:52:26,2021-05-31T20:00:07
47,466,2021-05-31T19:58:57,2021-05-31T20:05:04
363,363,2021-05-31T20:02:22,2021-05-31T20:03:23
532,359,2021-05-31T20:14:21,2021-05-31T20:21:29
533,911,2021-05-31T20:16:11,2021-05-31T20:19:24
911,911,2021-05-31T20:20:52,2021-05-31T20:21:01
360,462,2021-05-31T20:20:59,2021-05-31T20:25:46
360,462,2021-05-31T20:21:29,2021-05-31T20:25:36
911,533,2021-05-31T20:27:18,2021-05-31T20:31:08
911,533,2021-05-31T20:27:22,2021-05-31T20:31:08
532,532,2021-05-31T20:30:35,2021-05-31T20:30:43
359,359,2021-05-31T20:39:10,2021-05-31T20:40:46
359,359,2021-05-31T20:43:13,2021-05-31T20:43:16
533,359,2021-05-31T21:04:07,2021-05-31T21:11:47
359,533,2021-05-31T21:35:41,2021-05-31T21:42:18
378,364,2021-05-31T21:37:00,2021-05-31T21:47:02
359,363,2021-05-31T21:44:27,2021-05-31T22:00:56
359,378,2021-05-31T21:53:39,2021-05-31T21:56:34
363,363,2021-05-31T22:02:24,2021-05-31T22:12:44
379,379,2021-05-31T22:56:30,2021-05-31T23:35:21
466,466,2021-05-31T22:59:50,2021-05-31T23:30:33
378,363,2021-05-31T23:16:06,2021-05-31T23:17:58
363,47,2021-05-31T23:20:01,2021-05-31T23:21:49
967,533,2021-05-31T23:21:57,2021-05-31T23:24:04
47,378,2021-05-31T23:23:07,2021-05-31T23:29:34
379,47,2021-05-31T23:29:58,2021-06-01T00:10:58
